Track ID,Track Name,Album Name,Artist Name(s),Release Date,Duration (ms),Popularity,Added By,Added At,Genres,Record Label,				Danceability,Energy,Key,Loudness,Mode,Speechiness,Acousticness,Instrumentalness,Liveness,Valence,Tempo,Time Signature
1TCRCDezEMaQ60yIO8Me6F,"Dana dana","L'anthologie du Raï (50 titres)","Cheb Rayan",2016-01-29,232333,0,myo20ysxpfrjcs3hesgkcs93f,2024-10-30T00:20:04Z,"deep rai,moroccan pop,rai,rif","MLP",0.741,0.835,0,-7.095,1,0.0482,0.0439,0.00000173,0.232,0.913,105.807,4
0tgVpDi06FyKpA1z0VMD4v,"Perfect","÷ (Deluxe)","Ed Sheeran",2017-03-03,263400,85,myo20ysxpfrjcs3hesgkcs93f,2024-10-29T23:11:31Z,"pop,singer-songwriter pop,uk pop","Atlantic Records UK",0.599,0.448,8,-6.312,1,0.0232,0.163,0,0.106,0.168,95.05,3
7wKUqlOL9OES7gwPdgUcQl,"رايحين نسهر - بام بام","رايحين نسهر - بام بام - سينجل","Mohamed Ramadan",2019-01-01,169500,54,myo20ysxpfrjcs3hesgkcs93f,2024-10-16T10:17:39Z,"arab pop,egyptian pop,mahraganat","Rotana Music",0.72,0.997,2,-2.403,1,0.0625,0.00858,0.122,0.189,0.929,160.024,4
1bxP4M9ICllcg7mel8kH89,"Reine","Gentleman 2.0","Dadju",2017-11-24,199266,67,myo20ysxpfrjcs3hesgkcs93f,2024-09-18T20:11:48Z,"french hip hop,pop urbaine,r&b francais","Universal Music Division Capitol Music France",0.399,0.395,2,-10.782,1,0.0593,0.76,0,0.0815,0.704,98.174,4
0pwYLVXVknPSGUQb39cePC,"As Long As You Love Me","Believe (Deluxe Edition)","Justin Bieber,Big Sean",2012-06-15,229466,65,myo20ysxpfrjcs3hesgkcs93f,2024-08-28T01:19:50Z,"canadian pop,pop,detroit hip hop,hip hop,pop rap,r&b,rap,southern hip hop,trap","RBMG/Def Jam",0.571,0.873,0,-3.382,0,0.1,0.0811,0,0.361,0.613,139.691,4
6QFCMUUq1T2Vf5sFUXcuQ7,"Beauty And A Beat","Believe","Justin Bieber,Nicki Minaj",2012-01-01,227986,80,myo20ysxpfrjcs3hesgkcs93f,2024-08-28T01:27:28Z,"canadian pop,pop,hip pop,queens hip hop,rap","RBMG/Def Jam",0.601,0.843,0,-4.87,1,0.0593,0.000704,0.0000527,0.0681,0.534,128.002,4
7gd01LMH2gBcoDngSt8sq9,"Next To You (feat. Justin Bieber)","F.A.M.E. (Expanded Edition)","Chris Brown,Justin Bieber",2011-03-22,265813,68,myo20ysxpfrjcs3hesgkcs93f,2024-09-27T12:39:28Z,"r&b,rap,canadian pop,pop","Jive",0.67,0.676,8,-4.725,1,0.037,0.0201,0,0.11,0.349,114.974,4
575HcGSWIDCThpdUgtSCzK,"Zina","Brya","Babylone",2013-06-27,237217,56,myo20ysxpfrjcs3hesgkcs93f,2024-10-16T09:42:00Z,"rai,rif","Aswatt Studio",0.674,0.351,7,-10.224,1,0.0376,0.835,0,0.124,0.627,95.999,4
3Zlfkuzu8esBnCck3OAztD,"Win Yamchi Zine","Win Yamchi Zine","Cameleon",2017-09-25,193881,31,myo20ysxpfrjcs3hesgkcs93f,2024-10-16T09:53:50Z,"rai","Cameleon",0.695,0.649,7,-10.195,1,0.194,0.142,0,0.319,0.612,157.55,3
3RTIYfHCoHIukOD5qMgGwY,"Casa","Casa","Ouidad",2023-06-09,148244,41,myo20ysxpfrjcs3hesgkcs93f,2024-10-16T09:54:59Z,"","Play Two",0.716,0.556,11,-5.235,0,0.0366,0.103,0,0.148,0.525,99.961,4
5Z4F0zOGKoYLv8EtBhLzmZ,"Ah W Noss","Greatest Hits","Nancy Ajram",2008-01-01,280520,41,myo20ysxpfrjcs3hesgkcs93f,2024-10-16T10:00:05Z,"afghan pop,arab pop,belly dance,lebanese pop","EMI MUSIC ARABIA",0.809,0.981,7,-1.024,0,0.112,0.0856,0.0000477,0.0482,0.964,141.975,4
5l4Lla3ntoJIkCud07XlYn,"Ya Tabtab Wa Dallaa","Ya Tabtab","Nancy Ajram",2006-12-01,262240,63,myo20ysxpfrjcs3hesgkcs93f,2024-10-16T10:01:15Z,"afghan pop,arab pop,belly dance,lebanese pop","In2Musica",0.78,0.865,7,-4.453,0,0.0345,0.0531,0.00000543,0.019,0.949,140.021,4
03qj4j7ESR4ryymbR3Bvlq,"Ma Yhemmak","Enta Menni","Yara",2008,275043,43,myo20ysxpfrjcs3hesgkcs93f,2024-10-16T10:02:34Z,"arab pop,lebanese pop","Melody Music Production & Distribution",0.676,0.909,2,-4.928,0,0.0551,0.197,0,0.488,0.764,139.881,4
3CxyfJ8WWtp9TwAjhU03Ez,"Shou Bado","Shou Bado","Yara",2019-12-25,203990,0,myo20ysxpfrjcs3hesgkcs93f,2024-10-16T10:02:59Z,"arab pop,lebanese pop","Independent",0.655,0.961,0,-4.747,1,0.0568,0.116,0.0000862,0.0963,0.755,150.026,4
77dckWs0PpcePfYQ9aZa3m,"Yalla","Nancy 8","Nancy Ajram",2014-01-01,235413,25,myo20ysxpfrjcs3hesgkcs93f,2024-10-16T10:05:31Z,"afghan pop,arab pop,belly dance,lebanese pop","In2Musica",0.8,0.754,7,-6.637,1,0.0977,0.116,0.00000883,0.0438,0.852,108.039,4
3EfQPuegtu7NGKucpQTtsI,"Yay","Ya Salam","Nancy Ajram",2002-01-01,273986,44,myo20ysxpfrjcs3hesgkcs93f,2024-10-16T10:05:44Z,"afghan pop,arab pop,belly dance,lebanese pop","EMI MUSIC ARABIA",0.749,0.822,2,-6.506,1,0.0325,0.0613,0,0.115,0.571,105.009,4
4okwtQ009K33Upv7kTMt5F,"Ana Esmi Habibak","Habib Dehkaty","Ragheb Alama",2014-09-10,247484,0,myo20ysxpfrjcs3hesgkcs93f,2024-10-16T10:05:55Z,"classic arab pop,lebanese pop","© Backstage Production",0.722,0.9,2,-4.489,0,0.0439,0.174,0.000794,0.196,0.791,94.996,4
3GOw7QSPfyAiEpdmljNR79,"Shik Shak Shok","The Soul of Bellydance","Hassan Abou Seoud",2011-04-19,333400,0,myo20ysxpfrjcs3hesgkcs93f,2024-10-16T10:08:29Z,"belly dance,darbuka","Hollywood Music Center",0.506,0.816,0,-7.523,0,0.0775,0.287,0.421,0.0526,0.713,182.099,4
6qBenePKjemAJQsnwUfboi,"Habibet Alby","Melody Hits Vol. 7","Joe Ashkar",2010-09-01,222923,38,myo20ysxpfrjcs3hesgkcs93f,2024-10-16T10:09:02Z,"arab pop,lebanese pop","Melody Music",0.663,0.836,3,-5.754,1,0.182,0.49,0,0.065,0.847,179.995,4
3ppfSmiuwSCLCuDZNF7QXw,"بدنا نولعها","44:36","Fares Karam",2018-04-04,195784,0,myo20ysxpfrjcs3hesgkcs93f,2024-10-16T10:09:37Z,"arab pop,lebanese pop,rif","Rotana",0.803,0.859,7,-3.326,0,0.0677,0.078,0.00000214,0.0904,0.551,107.955,4
1mMFP46MOq92keItSUvSb0,"Takke","Dance With Nassif Zeytoun","Nassif Zeytoun",2020-10-24,208134,0,myo20ysxpfrjcs3hesgkcs93f,2024-10-16T10:10:28Z,"arab pop,dabke,syrian pop","Watary",0.755,0.887,2,-4.705,0,0.0644,0.182,0.00000319,0.108,0.783,113.976,4
3QcXQ5bjDW8zzUbgRXjrv0,"Miye w khamsin","Nancy 10","Nancy Ajram",2021-07-10,174264,40,myo20ysxpfrjcs3hesgkcs93f,2024-10-16T10:10:38Z,"afghan pop,arab pop,belly dance,lebanese pop","In2Musica",0.771,0.775,6,-5.778,1,0.0984,0.272,0.00000419,0.0467,0.837,108.028,4
2dn5f0hTsMujYZSUtaCHtm,"التنورة","وعدني","Fares Karam",2005-01-01,226324,50,myo20ysxpfrjcs3hesgkcs93f,2024-10-16T10:11:10Z,"arab pop,lebanese pop,rif","Rotana Music",0.77,0.949,9,-6.761,0,0.0672,0.298,0.0141,0.1,0.774,103.996,4
1l3S4j9ksQMh2tKIta1bfw,"El Bint El Awiye","El Bint El Awiye","Wael Kfoury",2021-07-10,214327,54,myo20ysxpfrjcs3hesgkcs93f,2024-10-16T10:11:55Z,"arab pop,belly dance,lebanese pop","Global",0.668,0.609,5,-8.729,1,0.101,0.431,0,0.139,0.765,92,4
0zOtmdD1U7rguuFY6Z90hp,"عللومة عللومة","ما وحشناك","Mohammad Assaf",2017-06-27,220613,37,myo20ysxpfrjcs3hesgkcs93f,2024-10-16T10:12:19Z,"arab pop,dabke,palestinian alternative,palestinian pop,palestinian traditional","Platinum Records",0.702,0.975,7,-4.16,1,0.0769,0.189,0.0000032,0.367,0.865,100.002,4
70jZJbVFJrnOcCvYAOmKKI,"Dalaa Dalouna","Dalaa Dalouna","Mohammad Assaf",2020-05-24,199334,32,myo20ysxpfrjcs3hesgkcs93f,2024-10-16T10:12:33Z,"arab pop,dabke,palestinian alternative,palestinian pop,palestinian traditional","Platinum Records",0.702,0.934,7,-5.338,0,0.0863,0.0877,0.000251,0.243,0.689,93.012,4
3kBFWV7Q6QzPhAtyMAjjM8,"Badna Nwalee El Jaw","Badna Nwalee El Jaw","Nancy Ajram",2018-09-07,213322,53,myo20ysxpfrjcs3hesgkcs93f,2024-10-16T10:12:40Z,"afghan pop,arab pop,belly dance,lebanese pop","In2Musica",0.715,0.98,9,-4.187,0,0.0495,0.131,0.000633,0.675,0.963,128.002,4
7Jer8ddQAn1FPPCqrx87Ax,"Ma Tegi Hena","Nancy 8","Nancy Ajram",2014-01-01,253080,52,myo20ysxpfrjcs3hesgkcs93f,2024-10-16T10:13:11Z,"afghan pop,arab pop,belly dance,lebanese pop","In2Musica",0.741,0.95,5,-4.209,1,0.0408,0.139,0.000935,0.06,0.863,103.995,4
6q20OD7qI68txdhBwzDudI,"Mafi Noum","Halayla Mafi Noum","Najwa Karam",2011-06-28,278256,0,myo20ysxpfrjcs3hesgkcs93f,2024-10-16T10:13:25Z,"arab pop,belly dance,dabke,lebanese pop","Rotana",0.782,0.954,11,-4.2,0,0.102,0.349,0.000367,0.0814,0.906,120.04,4
3JFfd1PumydZGPzmGeaKWb,"Melki W Bass","Melki W Bass","Joseph Attieh",2022-02-04,210454,13,myo20ysxpfrjcs3hesgkcs93f,2024-10-16T10:13:48Z,"arab pop,dabke,lebanese pop","Joseph Attieh",0.704,0.765,5,-7.891,1,0.0415,0.0335,0,0.0929,0.481,132.015,4
2r34fq53X30jPlHEMnYe9A,"مبروك","يا مسهر عيني","Ramy Ayach",2004-01-01,245028,31,myo20ysxpfrjcs3hesgkcs93f,2024-10-16T10:14:17Z,"arab pop,lebanese pop","Rotana Music",0.643,0.876,8,-6.95,1,0.153,0.382,0,0.414,0.783,166.671,4
46lLvTPvCHDHKmxb33cSta,"Wala Wahed","Hayel","Hakim",1993-01-01,253361,48,myo20ysxpfrjcs3hesgkcs93f,2024-10-16T10:15:03Z,"arab pop,egyptian pop,shaabi","Sonar Salam",0.788,0.586,10,-14.65,0,0.0409,0.216,0.000203,0.105,0.961,133.215,4
2vknxlulbj1JApedTlmrZv,"Allah Aleik Ya Seedy","Homma Kelmetain","Ehab Tawfik",2002-12-02,219320,52,myo20ysxpfrjcs3hesgkcs93f,2024-10-16T10:16:15Z,"arab pop,classic arab pop,egyptian pop","High-Quality",0.794,0.756,5,-7.672,0,0.0606,0.0576,0,0.102,0.919,136.011,4
0uxTfF35vomzEtb7sHlP1N,"3 Daqat","3 Daqat","Abu,Yousra",2017-10-10,275228,62,myo20ysxpfrjcs3hesgkcs93f,2024-10-16T10:16:23Z,"arab pop,egyptian alternative,egyptian pop","Global",0.826,0.71,6,-7.547,1,0.0389,0.362,0.00000339,0.0392,0.647,117.999,4
4I2RAr4wKPPUOEQW58vjvM,"El Hantoor","Bel Balady","Saad El Soghayar",2007-01-02,232233,46,myo20ysxpfrjcs3hesgkcs93f,2024-10-16T10:16:38Z,"arab pop,belly dance,shaabi","High-Quality",0.692,0.585,11,-5.166,0,0.238,0.461,0,0.126,0.832,179.083,4
19IIMZZtRKchdeDOoRP7wU,"Hatgawez","The Dance of My Heart","Saad El Soghayar",2008-02-12,277266,40,myo20ysxpfrjcs3hesgkcs93f,2024-10-16T10:16:48Z,"arab pop,belly dance,shaabi","Copeland International Arts",0.784,0.889,9,-7.099,1,0.0613,0.165,0.00000382,0.896,0.777,109.863,4
5N0w2n2B3OzvBZv4WjcVyA,"Habiby Da","Habiby Da","Hisham Abbas",2016-07-26,267106,50,myo20ysxpfrjcs3hesgkcs93f,2024-10-16T10:17:25Z,"arab pop,belly dance,classic arab pop,egyptian pop","Delta Sound",0.794,0.805,6,-7.895,0,0.0308,0.0457,0.0000369,0.265,0.786,113.805,4
7uVfi1yiAUujJ8TP3jQcNB,"El Salamou Aleikom","Talakeek","Hakim",2002-05-07,242729,43,myo20ysxpfrjcs3hesgkcs93f,2024-10-16T10:19:22Z,"arab pop,egyptian pop,shaabi","Hakim",0.796,0.797,1,-10.82,1,0.0626,0.0358,0,0.0286,0.871,123.209,4
3PTpRmKvDeE1rEeps6i1mh,"El Wawa","Baby Haifa","Haifa Wehbe",2010-03-29,180532,0,myo20ysxpfrjcs3hesgkcs93f,2024-10-16T10:19:28Z,"arab pop,lebanese pop","Rotana",0.693,0.91,7,-7.415,0,0.0367,0.117,0.00044,0.033,0.956,138.044,4
6TOV8r5aETu98BQl02kImZ,"Shakle Habetek","Shakle Habetek","Hamada Nashawaty",2021-08-09,158476,0,myo20ysxpfrjcs3hesgkcs93f,2024-10-16T10:20:40Z,"syrian pop","3239423 Records DK",0.944,0.573,11,-7.426,0,0.0501,0.192,0.00000148,0.0385,0.962,111.994,4
4rvgSBrTVQ2brjrCmSmAWp,"Fi Hagat","Nancy 7","Nancy Ajram",2010-01-01,266200,48,myo20ysxpfrjcs3hesgkcs93f,2024-10-16T10:20:48Z,"afghan pop,arab pop,belly dance,lebanese pop","In2Musica",0.651,0.476,11,-7.995,1,0.217,0.0584,0,0.172,0.383,77.984,4
3G61ebcM4BeOfvcFzpDtgq,"Eyni Aleyk","Nancy 7","Nancy Ajram",2010-01-01,268280,42,myo20ysxpfrjcs3hesgkcs93f,2024-10-16T10:21:01Z,"afghan pop,arab pop,belly dance,lebanese pop","In2Musica",0.716,0.824,8,-4.5,0,0.0768,0.153,0,0.101,0.866,147.669,4
139Bwr5QLYMGPHbkvtGCZi,"Sheikh El Shabab","Nancy 7","Nancy Ajram",2010-01-01,200266,49,myo20ysxpfrjcs3hesgkcs93f,2024-10-16T10:21:10Z,"afghan pop,arab pop,belly dance,lebanese pop","In2Musica",0.683,0.813,6,-4.019,1,0.171,0.0646,0.00000552,0.355,0.936,190.061,4
6xAvOnSrkGbJPcDBqQtJiU,"العب يلا","العب يلا","Oka Wi Ortega",2017-09-19,188042,47,myo20ysxpfrjcs3hesgkcs93f,2024-10-16T10:26:55Z,"egyptian pop,mahraganat","MEMO Entertainment",0.879,0.773,6,-7.927,0,0.0569,0.246,0.00323,0.0974,0.795,117.986,4
63Gl4Wqr98iJnWoNGFOQjr,"الوتر الحساس","نساى","Sherine",2018-10-24,261224,68,myo20ysxpfrjcs3hesgkcs93f,2024-10-16T10:27:52Z,"arab pop,egyptian pop","Sherine Abd El-wahab",0.716,0.823,4,-4.873,0,0.0528,0.462,0.00000639,0.628,0.909,139.931,4
1mpkTIa1gXLYlh1tgMlDZA,"Al Hoceima","Al Hoceima","Riffi",2023-10-05,155660,35,myo20ysxpfrjcs3hesgkcs93f,2024-10-16T10:41:46Z,"dutch hip hop","Ismo Music",0.664,0.702,2,-7.304,0,0.0419,0.39,0,0.185,0.65,107.963,4
3BiMsz00zyaQxHg0FVGLgn,"Ini Nech Darifi","Direction","Riffi",2022-08-05,170078,38,myo20ysxpfrjcs3hesgkcs93f,2024-10-16T10:46:33Z,"dutch hip hop","Ismo Music",0.684,0.62,6,-6.576,0,0.0488,0.395,0.000262,0.312,0.375,95.048,4
4XO9kZEztAPhjhXMfKXJ5m,"Diali","Arabesque Vol. 3","Nassi,Tawsen",2023-03-01,166154,46,myo20ysxpfrjcs3hesgkcs93f,2024-10-16T10:47:42Z,"moroccan pop,rap belge","IllumiNassi",0.686,0.769,4,-3.485,0,0.0444,0.0422,0,0.335,0.646,100.102,4
1mLHqCrmGj0cNlbFL0rgZA,"Zin Ariffi","Zin Ariffi","DJ Sta$h",2023-08-23,160445,37,myo20ysxpfrjcs3hesgkcs93f,2024-10-16T10:47:59Z,"rif","DJ Sta$h",0.77,0.909,1,-2.461,0,0.0346,0.131,0.00000747,0.0479,0.606,102.013,4
08fF8LG19Zhzmd9UWaJj2r,"Rifia","Rifia","Nassi",2022-08-10,175799,36,myo20ysxpfrjcs3hesgkcs93f,2024-10-16T10:48:10Z,"","IllumiNassi",0.756,0.81,1,-4.259,0,0.0789,0.158,0,0.0608,0.841,99.978,4
45FBfNoqkwissTmKXlTnnf,"Tsabhad Tsabhad","Tsabhad Tsabhad","Brahim Wassim,Said Rami",2016-03-04,178233,30,myo20ysxpfrjcs3hesgkcs93f,2024-10-16T10:48:54Z,"rif,deep rai","Yein France & Disco Melillia",0.655,0.869,7,-8.639,1,0.284,0.162,0,0.763,0.773,139.926,4
0KYz77wUnCrabMiY6H57fc,"Gar Gar Ya Zoubida","Gar Gar Ya Zoubida","Milouda El Hoceimia",2002-01-27,366051,36,myo20ysxpfrjcs3hesgkcs93f,2024-10-16T10:52:06Z,"rif","Disco Shahrazad",0.649,0.804,6,-8.916,1,0.0406,0.0206,0.636,0.184,0.91,103.061,4
3wJVBz7gvGTwTWVAxFa6ny,"Fever","Fever","Dua Lipa,Angèle",2020-10-29,156910,58,myo20ysxpfrjcs3hesgkcs93f,2024-10-29T23:00:43Z,"dance pop,pop,uk pop,belgian pop,french pop,variete francaise","Warner Records",0.868,0.693,6,-7.052,0,0.181,0.0597,0.00399,0.106,0.396,114.999,4
50kpGaPAhYJ3sGmk6vplg0,"Love Yourself","Purpose (Deluxe)","Justin Bieber",2015-11-13,233720,83,myo20ysxpfrjcs3hesgkcs93f,2024-10-29T23:02:16Z,"canadian pop,pop","RBMG/Def Jam",0.609,0.378,4,-9.828,1,0.438,0.835,0,0.28,0.515,100.43,4
6zvLqjSWq0AQsgoiqWInwY,"Catching Feelings","Believe","Justin Bieber",2012-01-01,234680,46,myo20ysxpfrjcs3hesgkcs93f,2024-10-29T23:02:39Z,"canadian pop,pop","RBMG/Def Jam",0.327,0.542,10,-6.665,1,0.0412,0.354,0,0.35,0.357,85.59,4
54K9GOVJqIaDZNXLnnxiKc,"Mistletoe","Under The Mistletoe","Justin Bieber",2011-01-01,182946,49,myo20ysxpfrjcs3hesgkcs93f,2024-10-29T23:03:15Z,"canadian pop,pop","RBMG/Def Jam",0.658,0.56,6,-9.049,0,0.0467,0.498,0,0.0794,0.854,161.993,4
1kN9UiyOSRVCrSc49ft0lp,"As Long As You Love Me - Acoustic Version","Believe Acoustic","Justin Bieber",2013-01-01,221693,50,myo20ysxpfrjcs3hesgkcs93f,2024-10-29T23:06:03Z,"canadian pop,pop","RBMG/Def Jam",0.549,0.307,11,-9.171,0,0.0351,0.776,0,0.0871,0.428,135.57,4
00Mb3DuaIH1kjrwOku9CGU,"Sk8er Boi","Let Go","Avril Lavigne",2002-06-04,204000,77,myo20ysxpfrjcs3hesgkcs93f,2024-10-29T23:08:26Z,"canadian pop,candy pop,dance pop,pop","Arista",0.487,0.9,0,-4.417,1,0.0482,0.0000679,0,0.358,0.484,149.937,4
7qiZfU4dY1lWllzX7mPBI3,"Shape of You","÷ (Deluxe)","Ed Sheeran",2017-03-03,233712,85,myo20ysxpfrjcs3hesgkcs93f,2024-10-29T23:11:45Z,"pop,singer-songwriter pop,uk pop","Atlantic Records UK",0.825,0.652,1,-3.183,0,0.0802,0.581,0,0.0931,0.931,95.977,4
0KKkJNfGyhkQ5aFogxQAPU,"That's What I Like","24K Magic","Bruno Mars",2016-11-17,206693,86,myo20ysxpfrjcs3hesgkcs93f,2024-10-29T23:15:49Z,"dance pop,pop","Atlantic Records",0.853,0.56,1,-4.961,1,0.0406,0.013,0,0.0944,0.86,134.066,4
1D4PL9B8gOg78jiHg3FvBb,"Love Story","Fearless (Big Machine Radio Release Special)","Taylor Swift",2008-11-11,236266,72,myo20ysxpfrjcs3hesgkcs93f,2024-10-29T23:21:17Z,"pop","Big Machine Records, LLC",0.617,0.741,2,-3.97,1,0.0311,0.131,0,0.0772,0.306,118.984,4
7qEUFOVcxRI19tbT68JcYK,"Everything Has Changed (feat. Ed Sheeran) (Taylor’s Version)","Red (Taylor's Version)","Taylor Swift,Ed Sheeran",2021-11-12,245426,69,myo20ysxpfrjcs3hesgkcs93f,2024-10-29T23:24:01Z,"pop,singer-songwriter pop,uk pop","Taylor Swift",0.498,0.61,6,-5.098,1,0.0363,0.271,0,0.223,0.474,79.918,4
1GEBsLDvJGw7kviySRI6GX,"You Belong With Me","Fearless (Big Machine Radio Release Special)","Taylor Swift",2008-11-11,232120,68,myo20ysxpfrjcs3hesgkcs93f,2024-10-29T23:26:01Z,"pop","Big Machine Records, LLC",0.687,0.745,6,-4.432,1,0.0379,0.178,0.0000159,0.111,0.435,129.966,4
2msvOEbkK50foYf9BMXr2X,"Lover - First Dance Remix","Lover (First Dance Remix)","Taylor Swift",2019-11-26,233466,51,myo20ysxpfrjcs3hesgkcs93f,2024-10-29T23:29:09Z,"pop","Taylor Swift",0.506,0.425,7,-8.198,1,0.0343,0.687,0.00000108,0.158,0.214,68.449,4
6lanRgr6wXibZr8KgzXxBl,"a thousand years","a thousand years","Christina Perri",2011-10-18,285120,80,myo20ysxpfrjcs3hesgkcs93f,2024-10-29T23:30:19Z,"pop","Atlantic Records",0.421,0.407,10,-7.445,1,0.0267,0.309,0.000961,0.11,0.161,139.028,3
6QfS2wq5sSC1xAJCQsTSlj,"Shallow - Radio Edit","A Star Is Born Soundtrack (Without Dialogue)","Lady Gaga,Bradley Cooper",2018-10-05,217212,67,myo20ysxpfrjcs3hesgkcs93f,2024-10-29T23:31:07Z,"art pop,dance pop,pop,hollywood","A Star is Born OST",0.575,0.33,7,-6.557,1,0.031,0.416,0,0.0872,0.276,95.799,4
3ueLuEPMzwtPYI52Y2mj8x,"Dayam Chiki Dayam Nah","Khzar Inawach","Said Mariouari",2008-07-12,232150,28,myo20ysxpfrjcs3hesgkcs93f,2024-10-29T23:33:22Z,"rif","Disco Shahrazad",0.779,0.791,4,-9.834,0,0.0905,0.217,0,0.0855,0.755,111.255,4
2sx1UCjwAmFJHh7F4HCnjl,"Jay Ala Awdou","Arrassiates","Jalal El Hamdaoui",2020-03-16,194351,29,myo20ysxpfrjcs3hesgkcs93f,2024-10-29T23:33:36Z,"moroccan pop,rif","725691 Records DK",0.608,0.671,11,-12.041,1,0.0499,0.19,0.0000996,0.303,0.874,144.984,4
3IIHqDxwmDLyisgQCCNFGc,"Cherrag gatta","Oran Mix Party, vol. 6","Red Son",2017-09-27,108173,0,myo20ysxpfrjcs3hesgkcs93f,2024-10-29T23:33:58Z,"deep rai","Maghreb HITS",0.779,0.662,5,-12.985,0,0.0781,0.0157,0,0.687,0.801,114.95,4
5fn8tHcKNH2DUfiF6h78Ks,"A la marocaine","DJ Hamida Mix Party 2016","DJ Hamida,Daoudi,Tiiwtiiw,Leck",2016-04-15,184813,31,myo20ysxpfrjcs3hesgkcs93f,2024-10-29T23:34:04Z,"moroccan pop,rif,chaabi marocain,rai","Universal Music Division Island Def Jam",0.454,0.943,7,-4.906,1,0.208,0.167,0,0.394,0.782,139.848,4
1DEOeCSVCwqabMmhubXj9c,"9areb 9areb hna","Chaabi One","Fiegta",2012-01-01,192992,0,myo20ysxpfrjcs3hesgkcs93f,2024-10-29T23:34:10Z,"chaabi marocain,tamazight","Yein France & Box Music",0.668,0.931,8,-6.597,1,0.37,0.181,0,0.317,0.841,145.916,4
6qlZjH5bLf6w6XvfpYxsPx,"Mamamiya","Soirée Raï à Bruxelles","Kader Japonais",2013-01-01,229813,44,myo20ysxpfrjcs3hesgkcs93f,2024-10-29T23:36:13Z,"deep rai,rai,rai algerien","MLP",0.569,0.992,9,-5.111,0,0.0771,0.383,0.0537,0.395,0.558,144.924,4
5arN4EvphWxKUJusmqEclH,"Chekama","À la bien Mix Party 2018","DJ Hamida,Hafssa da,Chk",2018-06-22,196346,45,myo20ysxpfrjcs3hesgkcs93f,2024-10-29T23:36:31Z,"moroccan pop,rif","Meknessi Style Records",0.745,0.857,5,-4.184,0,0.048,0.0241,0.0000937,0.251,0.881,105.054,4
1MAi4ht1mX3OKq5LOTDJ1p,"Awid Adjoun Ni","Awid Adjoun Ni","Mo Temsamani,Ayoub Temsamani",2019-12-20,277894,33,myo20ysxpfrjcs3hesgkcs93f,2024-10-29T23:36:39Z,"moroccan pop,rif","Mo Temsamani Music",0.631,0.719,2,-5.854,0,0.0303,0.27,0.000454,0.0743,0.661,94.994,4
3FHgT06VfSAEBGAYLMDdXJ,"Mana Zina","Pobrecita","Mo Temsamani,Laila Chakir",2019-01-11,190588,34,myo20ysxpfrjcs3hesgkcs93f,2024-10-29T23:37:02Z,"moroccan pop,rif","Mo Temsamani Music",0.808,0.769,1,-4.154,1,0.0427,0.199,0,0.0886,0.675,102.039,4
0eqhqGd7ejWc7Vaxhkv0pM,"Zine El Kebdani","Pobrecita","Mo Temsamani",2019-01-11,179417,24,myo20ysxpfrjcs3hesgkcs93f,2024-10-29T23:37:24Z,"moroccan pop,rif","Mo Temsamani Music",0.708,0.841,9,-5.393,0,0.043,0.0124,0.00000932,0.172,0.917,103.011,4
3uSAxseAKNtru6wAx2XsGH,"Un Gaou à Oran","Cessa kié la vérité","113,Magic System,Mohamed Lamine",2006,209733,0,myo20ysxpfrjcs3hesgkcs93f,2024-10-29T23:37:51Z,"french hip hop,old school rap francais,afropop,french pop,zouglou,deep rai,rai,rif","Parlophone France",0.592,0.956,6,-3.397,1,0.198,0.0265,0.0000138,0.576,0.932,127.927,4
2DLbzglDqzBvIfnW7PQLbB,"Nebghi Djini Bsurvet","Nebghi Djini Bsurvet","Aymane Serhani",2017-07-30,179361,0,myo20ysxpfrjcs3hesgkcs93f,2024-10-29T23:38:18Z,"moroccan pop,rai,rif","Aymane Serhani",0.682,0.859,2,-2.713,0,0.105,0.381,0,0.384,0.848,102.127,4
7oVQKnlZEXd5u9trvrOn97,"Heta L9it Li Tebgini","Heta L9it Li Tebgini","Rachid Kasmi,ZIKO",2018-04-22,185477,44,myo20ysxpfrjcs3hesgkcs93f,2024-10-29T23:38:45Z,"rif","Rachid Kasmi",0.771,0.902,1,-3.436,0,0.0618,0.164,0,0.108,0.799,132.016,4
1oHgXBoMi9EyKQDqhUjcrP,"Zinaoua","À la bien Mix Party 2019","DJ Hamida,Leila Chakir,Leck",2019-07-05,158053,45,myo20ysxpfrjcs3hesgkcs93f,2024-10-29T23:39:45Z,"moroccan pop,rif","Meknessi Style Records",0.783,0.876,7,-5.021,0,0.161,0.0733,0,0.592,0.68,127.057,4
3hfx7im7wTzdBU9oe3VmAy,"Gar Gar Ya Zoubida","Gar Gar Ya Zoubida","Milouda El Hoceimia",2017-01-26,366027,0,myo20ysxpfrjcs3hesgkcs93f,2024-10-29T23:39:55Z,"rif","Thaziri Music",0.649,0.853,6,-6.759,1,0.0398,0.0206,0.622,0.167,0.892,103.071,4
5iqrbO0fhuLMiy9tYGanv6,"C'est La Vie","C'est La Vie","Khaled",2012-05-17,225751,63,myo20ysxpfrjcs3hesgkcs93f,2024-10-29T23:40:03Z,"classic arab pop,moroccan pop,rai","Cz Sounds Rec.",0.616,0.933,0,-3.762,0,0.0513,0.0259,0,0.359,0.806,129.952,4
1CVeb89xRihPw2YQa4PnSZ,"Wesh Hada - Version 2021","Sunshine","DJ Hamida,Hassan Twil",2021-07-09,191120,36,myo20ysxpfrjcs3hesgkcs93f,2024-10-29T23:40:24Z,"moroccan pop,rif","Meknessi Style Records",0.81,0.72,7,-5.05,1,0.0643,0.0602,0.00000526,0.251,0.687,123.985,4
5IJRqarA4QIc2qAw74mYo9,"Ghazali (feat. Bryan Mg)","Ghazali (feat. Bryan Mg)","DYSTINCT,Bryan Mg",2022-06-03,184661,55,myo20ysxpfrjcs3hesgkcs93f,2024-10-29T23:40:39Z,"belgian hip hop,rap belge,dutch hip hop,dutch rap pop","Avalon Music",0.598,0.654,7,-8.31,0,0.0565,0.486,0.0000097,0.101,0.536,179.853,3
7J6Tji7L7DFGC5Emxbg1XK,"Hayya Jat Hdnao","Arassiates, Vol. 3","Jalal El Hamdaoui",2015,157336,34,myo20ysxpfrjcs3hesgkcs93f,2024-10-29T23:42:02Z,"moroccan pop,rif","Independent",0.643,0.978,2,-5.801,0,0.0785,0.135,0.0000101,0.393,0.96,111.018,3
6wjcICJX8qN9tLqO8fo4jt,"Lala Laâroussa Ya Nouara","Arrassiates, Volume 2","Jalal El Hamdaoui",2000,103800,29,myo20ysxpfrjcs3hesgkcs93f,2024-10-29T23:42:14Z,"moroccan pop,rif","Fassiphone",0.599,0.967,4,-6.543,0,0.0744,0.0442,0.00000857,0.523,0.932,111.031,3
0nwdJH23WTduSd8d7p76QI,"Jay Ala Awdou","Arrassiates","Jalal El Hamdaoui",2000,194226,25,myo20ysxpfrjcs3hesgkcs93f,2024-10-29T23:42:30Z,"moroccan pop,rif","Fassiphone",0.378,0.664,10,-11.713,0,0.061,0.163,0.0000683,0.203,0.81,108.861,3
5imFISN10GipEa7OtQpWfW,"Laâroussa fi âr allah","Le Mariage Marocain Vol. 4","Jalal El Hamdaoui",2015-04-14,236093,30,myo20ysxpfrjcs3hesgkcs93f,2024-10-29T23:42:43Z,"moroccan pop,rif","Fassiphone",0.598,0.782,0,-11.128,1,0.0513,0.0274,0.00723,0.0776,0.63,139.957,4
4YS5l1l4NMNDYuy5SYckxK,"Kolchi Dialek","Marjana - Reggadiates Volume 4","Jalal El Hamdaoui",2000,127200,1,myo20ysxpfrjcs3hesgkcs93f,2024-10-29T23:43:33Z,"moroccan pop,rif","Fassiphone",0.686,0.947,8,-4.628,0,0.101,0.0362,0,0.316,0.654,100.072,4
7EzU9pISYmjeJo1gJxc8ay,"Chiki Ouel Biriki","Marjana - Reggadiates Volume 4","Jalal El Hamdaoui",2000,114933,1,myo20ysxpfrjcs3hesgkcs93f,2024-10-29T23:43:55Z,"moroccan pop,rif","Fassiphone",0.742,0.935,9,-4.993,0,0.1,0.0917,0,0.786,0.885,100.003,4
4sWvTDLFZnt09ZNcYJboBP,"Ana Ou Ghzali","Reggadiates","Jalal El Hamdaoui",2000,114306,0,myo20ysxpfrjcs3hesgkcs93f,2024-10-29T23:44:32Z,"moroccan pop,rif","Fassiphone",0.736,0.755,5,-8.871,0,0.089,0.189,0.00000751,0.311,0.857,99.078,4
4uppwDrcQIFhxZeqxsiUAv,"Dourbiha","La plus grande soirée marocaine (Ambiance Live non stop)","Youmni Rabii,Orchestre Chemssy",2014-10-27,204786,17,myo20ysxpfrjcs3hesgkcs93f,2024-10-29T23:45:43Z,"chaabi marocain,classic moroccan pop,rif","MLP / History",0.668,0.932,11,-5.706,1,0.136,0.706,0.000347,0.583,0.912,113.025,3
2jClxeDLzgrH4SUQ52ujDh,"Hayya Jat Hdnao","Arassiates, Vol. 3","Jalal El Hamdaoui",2020-03-16,157361,26,myo20ysxpfrjcs3hesgkcs93f,2024-10-29T23:48:19Z,"moroccan pop,rif","725691 Records DK",0.643,0.974,5,-5.402,1,0.0755,0.168,0.00000329,0.404,0.963,110.991,3
55nIW8AiZxONfbnETAk8TW,"Ralla Wah Ohrag Zi Allh Allh - Live","Ralla Wah Ohrag Zi Allh Allh (Live)","Rachid Anas",2019-07-26,245956,30,myo20ysxpfrjcs3hesgkcs93f,2024-10-29T23:48:56Z,"rif","Rachid Anas",0.723,0.854,9,-5.817,1,0.0847,0.558,0,0.453,0.719,107.956,4
4bAxMcvheQcRFt56VHht09,"Chouafa","Festival marocain (28 titres originaux)","Youmni",2016-03-07,250280,11,myo20ysxpfrjcs3hesgkcs93f,2024-10-29T23:49:56Z,"","MLP",0.621,0.816,1,-4.988,1,0.116,0.378,0.000619,0.335,0.663,90.811,3
62hZU7fFsGIhviHDQEL5MK,"Visa Oul Passeport","Megouani","Abdelaziz Stati",2014-04-22,473966,23,myo20ysxpfrjcs3hesgkcs93f,2024-10-29T23:50:33Z,"chaabi marocain,moroccan pop","EVM Production",0.341,0.862,10,-7.308,0,0.469,0.342,0,0.474,0.458,205.618,3
5CilhBAJkzrUcYhUuCCIa4,"Ofigh Ofigh Ayama","Ofigh Ofigh Ayama","Mourad Salam",2015-01-01,368352,0,myo20ysxpfrjcs3hesgkcs93f,2024-10-29T23:51:17Z,"rif","Yein France & Disco Melillia",0.858,0.78,7,-9.925,1,0.0517,0.0397,0.00896,0.0797,0.961,113.662,4
76ej94nqmhe05PyEvw15wK,"Youm Wara Youm","Youm Wara Youm","Samira Said,Cheb Mami",2002-06-15,255152,49,myo20ysxpfrjcs3hesgkcs93f,2024-10-29T23:51:48Z,"arab pop,rif,moroccan pop,rai,reggae maghreb","Global",0.794,0.565,0,-8.029,1,0.0538,0.0665,0.00000106,0.0486,0.555,100.03,4
6mMch2QkhDvE6e48uyA8vt,"Myriama - Remastered","Best of Douzi","Douzi",2017-01-23,195240,42,myo20ysxpfrjcs3hesgkcs93f,2024-10-29T23:53:14Z,"moroccan pop,rif","Linatop",0.765,0.835,1,-5.541,1,0.0606,0.163,0,0.0723,0.946,117.044,4
5vRHQ3jW1YDwLEg5Lj6X4j,"Ana Wiak","Ana Wiak","Aminux",2013-09-21,200880,32,myo20ysxpfrjcs3hesgkcs93f,2024-10-29T23:55:18Z,"moroccan pop","Aminux",0.691,0.816,9,-7.852,0,0.0983,0.225,0.0000012,0.156,0.414,97.972,4
0bBDTxFPjtuWAdqLLq55u1,"Mahboul Ana","Mahboul Ana","Lazaro",2024-07-15,185000,66,myo20ysxpfrjcs3hesgkcs93f,2024-10-30T00:03:38Z,"","Chabaka",0.523,0.709,9,-9.403,1,0.0928,0.191,0.00000886,0.109,0.588,143.969,4
2fFTn0f94EopgZyfSGQuyK,"SPIDER","SPIDER","GIMS,DYSTINCT",2024-05-10,188818,76,myo20ysxpfrjcs3hesgkcs93f,2024-10-30T00:05:58Z,"french hip hop,pop urbaine,r&b francais,rap conscient,belgian hip hop,rap belge","Play Two",0.823,0.691,9,-7.322,0,0.197,0.0774,0.00000173,0.1,0.707,119.96,4
5XF583kr3Eojotxl6SOKF0,"La","LAYALI","DYSTINCT",2023-06-08,148328,65,myo20ysxpfrjcs3hesgkcs93f,2024-10-30T00:07:47Z,"belgian hip hop,rap belge","Avalon Music",0.898,0.467,10,-8.421,0,0.0636,0.184,0.00000963,0.068,0.851,120.007,4
2CgT7751h4Rply3vAkTYEk,"DIPLOMATICO","DIPLOMATICO","ElGrandeToto",2024-10-23,196697,63,myo20ysxpfrjcs3hesgkcs93f,2024-10-30T00:09:04Z,"arabic hip hop,rap maroc","BNJ CITY BLOCK",0.832,0.573,4,-8.699,0,0.113,0.647,0.0009,0.115,0.456,109.992,4
1YwPNemawMgGe6sF4U0FTE,"Suavemente","Suavemente...Los Exitos","Elvis Crespo",2008-10-14,266306,62,myo20ysxpfrjcs3hesgkcs93f,2024-10-30T00:11:30Z,"latin pop,salsa,tropical","Sony Music Latin",0.809,0.883,8,-2.965,1,0.0689,0.238,0.00234,0.0625,0.918,124.096,4
6rPO02ozF3bM7NnOV4h6s2,"Despacito - Remix","Despacito Feat. Justin Bieber (Remix)","Luis Fonsi,Daddy Yankee,Justin Bieber",2017-04-17,228826,69,myo20ysxpfrjcs3hesgkcs93f,2024-10-30T00:12:21Z,"latin pop,puerto rican pop,latin hip hop,reggaeton,trap latino,urbano latino,canadian pop,pop","Republic/UMLE",0.653,0.816,2,-4.353,1,0.167,0.228,0,0.0967,0.816,178.085,4
2GYHyAoLWpkxLVa4oYTVko,"Alors on danse - Radio Edit","Cheese","Stromae",2010-01-01,206066,75,myo20ysxpfrjcs3hesgkcs93f,2024-10-30T00:15:05Z,"belgian pop,g-house","Universal Music Distributed Labels",0.79,0.593,1,-9.204,0,0.0776,0.0983,0.00202,0.065,0.72,119.958,4
1pKYYY0dkg23sQQXi0Q5zN,"Around the World","Homework","Daft Punk",1997-01-17,429533,70,myo20ysxpfrjcs3hesgkcs93f,2024-10-30T00:15:13Z,"electro,filter house,rock","Daft Life Ltd./ADA France",0.956,0.795,7,-5.311,1,0.15,0.00356,0.889,0.0906,0.841,121.294,4
7k4t7uLgtOxPwTpFmtJNTY,"Tusa","Tusa","KAROL G,Nicki Minaj",2019-11-07,200960,72,myo20ysxpfrjcs3hesgkcs93f,2024-10-30T00:15:28Z,"reggaeton,reggaeton colombiano,urbano latino,hip pop,pop,queens hip hop,rap","TUSA - Karol G & Nicki Minaj",0.803,0.715,2,-3.28,1,0.298,0.295,0.000134,0.0574,0.574,101.085,4
0BGwzS5cqQ4i1griaN2PB1,"Un gaou à Oran - Bonus track","Cessa kié la vérité","Magic System,Mohamed Lamine",2006,209200,10,myo20ysxpfrjcs3hesgkcs93f,2024-10-30T00:16:44Z,"afropop,french pop,zouglou,deep rai,rai,rif","Akwaba-JPS",0.573,0.977,6,-2.602,1,0.187,0.0241,0.00000162,0.619,0.909,127.964,4
3s6ltUrI93LBKU8taezsLn,"Magic in the Air (feat. Ahmed Chawki)","Africainement vôtre","Magic System,Chawki",2014-05-16,233693,67,myo20ysxpfrjcs3hesgkcs93f,2024-10-30T00:16:51Z,"afropop,french pop,zouglou,moroccan pop","Parlophone (France)",0.621,0.907,2,-3.923,1,0.0474,0.091,0,0.067,0.884,128.056,4
75RPg4d3v0Tjh4qklTieTe,"Aicha","Rai","Khaled",2013-07-23,258706,47,myo20ysxpfrjcs3hesgkcs93f,2024-10-30T00:17:05Z,"classic arab pop,moroccan pop,rai","X5 Music Group",0.5,0.584,7,-10.717,0,0.0966,0.0389,0.0000139,0.112,0.416,168.787,4
7MFWYTlrC81IGpb0Jwgdu7,"On va s'aimer","Liberté","Gilbert Montagné",2001-01-01,246826,58,myo20ysxpfrjcs3hesgkcs93f,2024-10-30T00:18:16Z,"chanson,chanson paillarde,classic french pop,french pop","Universal Music Division Mercury Records",0.752,0.75,9,-6.969,0,0.0315,0.235,0,0.0997,0.876,131.394,4
26CWyxnjmUf6n4GKX1QVuw,"Les sunlights des tropiques","Liberté","Gilbert Montagné",2001-01-01,237466,55,myo20ysxpfrjcs3hesgkcs93f,2024-10-30T00:19:28Z,"chanson,chanson paillarde,classic french pop,french pop","Universal Music Division Mercury Records",0.789,0.651,10,-6.841,1,0.0394,0.0997,0.00000108,0.0685,0.918,126.268,4
1Bhm5HNO1cq8olDbBmokyL,"Copines","NAKAMURA","Aya Nakamura",2018-11-02,171720,71,myo20ysxpfrjcs3hesgkcs93f,2024-10-30T00:21:17Z,"basshall,pop urbaine,r&b francais","Rec. 118",0.701,0.787,8,-3.941,0,0.0855,0.27,0,0.105,0.904,180.027,4
7EMzOyDT87Uq9Hi08Mxe31,"Wayeh","Imad","THEODORT",2024-05-24,148786,70,myo20ysxpfrjcs3hesgkcs93f,2024-10-30T00:23:39Z,"","BUDOKAI / ERRRO",0.766,0.677,8,-6.434,0,0.0384,0.152,0.00214,0.203,0.55,104.981,4
4CWcaGtaOyAqBDKIeZMUe0,"La kiffance","La kiffance","Naps",2021-02-26,179426,56,myo20ysxpfrjcs3hesgkcs93f,2024-10-30T00:26:16Z,"french hip hop,pop urbaine,rap marseille","OK Many Industrie et 13ème art Music",0.806,0.637,6,-6.515,1,0.0881,0.232,0,0.071,0.674,140.053,4
205HNJ73cgpC0LAOnuQiWT,"Bande organisée","Bande organisée","Kofs,Soso Maness,Elams,Jul,SCH,Naps,Solda,Houari,13 Organisé",2020-08-15,356346,64,myo20ysxpfrjcs3hesgkcs93f,2024-10-30T00:28:59Z,"french hip hop,pop urbaine,r&b francais,rap francais,rap marseille","Rien 100 Rien",0.901,0.939,6,-2.762,1,0.274,0.117,0,0.0643,0.805,142.948,4
1p3pNSpRB88Dn6w0DQGQXr,"Wouli Liya","Poison Ou Antidote","Dadju,KALY,Soolking,Aymane Serhani",2020-09-25,241400,48,myo20ysxpfrjcs3hesgkcs93f,2024-10-30T00:30:12Z,"french hip hop,pop urbaine,r&b francais,rap algerien,moroccan pop,rai,rif","Universal Music Division Capitol Music France",0.557,0.718,4,-5.732,0,0.0511,0.239,0,0.234,0.536,94.88,4
7wwQoJtPLBVeMIZlW11cp6,"Oh qu'elle est belle","Décennie","Jul,DYSTINCT",2024-01-19,220013,66,myo20ysxpfrjcs3hesgkcs93f,2024-10-30T00:31:33Z,"french hip hop,pop urbaine,rap marseille,belgian hip hop,rap belge","D'Or et de Platine",0.619,0.501,7,-8.228,0,0.174,0.662,0.000808,0.113,0.623,97.419,3
6bXd0YhKLCTvlLVc4tErH9,"Tchikita","L'ovni","Jul",2016-12-02,194867,57,myo20ysxpfrjcs3hesgkcs93f,2024-10-30T00:33:21Z,"french hip hop,pop urbaine,rap marseille","D'Or et de Platine",0.95,0.666,4,-5.139,0,0.0792,0.73,0.00000244,0.0904,0.732,110.93,4
0QPlafvsnmTJBvGNek2cI8,"Ça fait des années","Vintage","Soolking,Cheb Mami",2020-03-19,235066,48,myo20ysxpfrjcs3hesgkcs93f,2024-10-30T00:33:52Z,"french hip hop,pop urbaine,r&b francais,rap algerien,moroccan pop,rai,reggae maghreb","Universal Music Division Capitol Music France",0.775,0.782,10,-6.872,0,0.0877,0.491,0,0.0807,0.527,97.006,4
5ysyc9qSQ5YLGfFYJ9WWYa,"M'barka âla moulaha","Le Mariage Marocain Vol. 4","Ihssane",2015-04-14,190413,12,myo20ysxpfrjcs3hesgkcs93f,2024-10-30T00:39:55Z,"","Fassiphone",0.588,0.741,2,-11.087,0,0.0369,0.0662,0,0.0565,0.913,77.977,4
2qSkIjg1o9h3YT9RAgYN75,"Espresso","Espresso","Sabrina Carpenter",2024-04-12,175459,92,myo20ysxpfrjcs3hesgkcs93f,2024-10-30T13:52:44Z,"pop","Island Records",0.701,0.76,0,-5.478,1,0.0285,0.107,0.0000654,0.185,0.69,103.969,4
0yvcSDx1WMdxnUHhqG7PEh,"شوفو لامور مادار فيا","شوفو لامور مادار فيا","Bilel Tacchini",2023-12-09,186036,59,myo20ysxpfrjcs3hesgkcs93f,2024-10-30T14:42:58Z,"rai","Indep",0.715,0.915,5,-3.91,0,0.0382,0.706,0,0.237,0.902,105.028,4
4CrRM6ncHqkGmIuMY4h7LS,"Kharboucha","Kharboucha","Dunia Batma",2023-07-13,433815,35,myo20ysxpfrjcs3hesgkcs93f,2024-10-30T15:07:22Z,"arab pop,moroccan pop","Dounia Batma",0.407,0.892,2,-7.574,1,0.0939,0.0106,0,0.269,0.5,145.827,4
0jqUiExctgLt7bcghvD7Kw,"Makhelaw magalou","Makhelaw magalou","Manal",2022-06-30,180763,51,myo20ysxpfrjcs3hesgkcs93f,2024-10-30T15:08:14Z,"arabic hip hop,moroccan pop,rap maroc","Bench & Guess Entertainment",0.587,0.576,5,-7.591,0,0.084,0.149,0,0.132,0.64,172.415,3
5qV1jHWF80Pe3jQHHFzIol,"9AD BIA","9AD BIA","Manal",2023-11-06,166228,41,myo20ysxpfrjcs3hesgkcs93f,2024-10-30T15:08:44Z,"arabic hip hop,moroccan pop,rap maroc","Bench & Guess Entertainment",0.493,0.796,1,-7.347,0,0.365,0.255,0,0.195,0.558,119.894,4
05ysoVhSCvSj6GAEfNUtHF,"Niya","Niya","Manal",2020-10-30,202226,19,myo20ysxpfrjcs3hesgkcs93f,2024-10-30T15:09:48Z,"arabic hip hop,moroccan pop,rap maroc","Bench & Guess Entertainment",0.639,0.534,2,-6.794,0,0.0554,0.087,0,0.315,0.509,90.081,3
1Asv77Jhpw1FA6YjA5wwuV,"NTA","NTA","Manal",2019-09-18,206254,37,myo20ysxpfrjcs3hesgkcs93f,2024-10-30T15:10:02Z,"arabic hip hop,moroccan pop,rap maroc","Sony Music Entertainment",0.568,0.695,5,-5.419,0,0.112,0.356,0.000013,0.132,0.45,103.449,4
