Track ID,Track Name,Album Name,Artist Name(s),Release Date,Duration (ms),Popularity,Added By,Added At,Genres,Record Label,Danceability,Energy,Key,Loudness,Mode,Speechiness,Acousticness,Instrumentalness,Liveness,Valence,Tempo,Time Signature,danceability,energy,key,loudness,mode,speechiness,acousticness,instrumentalness,liveness,valence,tempo,type,uri,track_href,analysis_url,duration_ms,time_signature
6uNyTYOEaNOY38r1dgoqAL,"Who Knows - Live At Fillmore East, 1970 / 50th Anniversary",Band Of Gypsys (50th Anniversary / Live),Jimi Hendrix,1970,576360,37,31mlndohcwncxolteqr3cp6alcg4,2024-06-11T09:37:59Z,"acid rock, album rock, alternative rock, classic rock, hard rock, proto-metal, psychedelic rock, rock",,,,,,,,,,,,,,0.551,0.619,10,-6.929,0,0.185,0.155,0.0267,0.854,0.481,83.959,audio_features,spotify:track:6uNyTYOEaNOY38r1dgoqAL,https://api.spotify.com/v1/tracks/6uNyTYOEaNOY38r1dgoqAL,https://api.spotify.com/v1/audio-analysis/6uNyTYOEaNOY38r1dgoqAL,576360,4
3bepDVJI8tECicV9bDsSxt,"Machine Gun - Live At Fillmore East, 1970 / 50th Anniversary",Band Of Gypsys (50th Anniversary / Live),Jimi Hendrix,1970,759360,36,31mlndohcwncxolteqr3cp6alcg4,2024-06-11T09:40:16Z,"acid rock, album rock, alternative rock, classic rock, hard rock, proto-metal, psychedelic rock, rock",,,,,,,,,,,,,,0.334,0.689,0,-7.316,0,0.184,0.108,0.161,0.564,0.474,147.412,audio_features,spotify:track:3bepDVJI8tECicV9bDsSxt,https://api.spotify.com/v1/tracks/3bepDVJI8tECicV9bDsSxt,https://api.spotify.com/v1/audio-analysis/3bepDVJI8tECicV9bDsSxt,759360,4
4chpYNRE0VHMlYSgZBzFci,"Changes - Live At Fillmore East, 1970 / 50th Anniversary",Band Of Gypsys (50th Anniversary / Live),Jimi Hendrix,1970,311933,27,31mlndohcwncxolteqr3cp6alcg4,2024-06-11T09:40:20Z,"acid rock, album rock, alternative rock, classic rock, hard rock, proto-metal, psychedelic rock, rock",,,,,,,,,,,,,,0.49,0.8,3,-7.979,1,0.0512,0.102,0.0746,0.736,0.804,116.405,audio_features,spotify:track:4chpYNRE0VHMlYSgZBzFci,https://api.spotify.com/v1/tracks/4chpYNRE0VHMlYSgZBzFci,https://api.spotify.com/v1/audio-analysis/4chpYNRE0VHMlYSgZBzFci,311933,4
3XR4rCVMpjGraeX9io1pwO,"Power To Love - Live At Fillmore East, 1970 / 50th Anniversary",Band Of Gypsys (50th Anniversary / Live),Jimi Hendrix,1970,415813,29,31mlndohcwncxolteqr3cp6alcg4,2024-06-11T09:40:25Z,"acid rock, album rock, alternative rock, classic rock, hard rock, proto-metal, psychedelic rock, rock",,,,,,,,,,,,,,0.48,0.694,10,-7.956,0,0.0509,0.0287,0.547,0.672,0.737,85.082,audio_features,spotify:track:3XR4rCVMpjGraeX9io1pwO,https://api.spotify.com/v1/tracks/3XR4rCVMpjGraeX9io1pwO,https://api.spotify.com/v1/audio-analysis/3XR4rCVMpjGraeX9io1pwO,415813,4
5Z9hsbuojNcmmf1VYQMBvp,"Message To Love - Live At Fillmore East, 1970 / 50th Anniversary",Band Of Gypsys (50th Anniversary / Live),Jimi Hendrix,1970,323760,25,31mlndohcwncxolteqr3cp6alcg4,2024-06-11T09:40:28Z,"acid rock, album rock, alternative rock, classic rock, hard rock, proto-metal, psychedelic rock, rock",,,,,,,,,,,,,,0.382,0.764,11,-6.661,1,0.0515,0.014,0.00784,0.217,0.671,116.118,audio_features,spotify:track:5Z9hsbuojNcmmf1VYQMBvp,https://api.spotify.com/v1/tracks/5Z9hsbuojNcmmf1VYQMBvp,https://api.spotify.com/v1/audio-analysis/5Z9hsbuojNcmmf1VYQMBvp,323760,4
3eyusi7FLZZW3TjZoCgwVf,"We Gotta Live Together - Live At Fillmore East, 1970 / 50th Anniversary",Band Of Gypsys (50th Anniversary / Live),Jimi Hendrix,1970,349920,24,31mlndohcwncxolteqr3cp6alcg4,2024-06-11T09:40:32Z,"acid rock, album rock, alternative rock, classic rock, hard rock, proto-metal, psychedelic rock, rock",,,,,,,,,,,,,,0.396,0.77,1,-6.9,1,0.0501,0.0539,0.13,0.964,0.635,112.338,audio_features,spotify:track:3eyusi7FLZZW3TjZoCgwVf,https://api.spotify.com/v1/tracks/3eyusi7FLZZW3TjZoCgwVf,https://api.spotify.com/v1/audio-analysis/3eyusi7FLZZW3TjZoCgwVf,349920,4
1DfWmv1eJU1a9tuGpqKGFP,Gypsy Eyes,Electric Ladyland,Jimi Hendrix,1968-10-25,223680,48,31mlndohcwncxolteqr3cp6alcg4,2024-06-11T09:40:49Z,"acid rock, album rock, alternative rock, classic rock, hard rock, proto-metal, psychedelic rock, rock",,,,,,,,,,,,,,0.599,0.622,6,-7.019,1,0.128,0.222,0.0,0.536,0.907,117.574,audio_features,spotify:track:1DfWmv1eJU1a9tuGpqKGFP,https://api.spotify.com/v1/tracks/1DfWmv1eJU1a9tuGpqKGFP,https://api.spotify.com/v1/audio-analysis/1DfWmv1eJU1a9tuGpqKGFP,223680,4
2aoo2jlRnM3A0NyLQqMN2f,All Along the Watchtower,Electric Ladyland,Jimi Hendrix,1968-10-25,240800,72,31mlndohcwncxolteqr3cp6alcg4,2024-06-11T09:40:58Z,"acid rock, album rock, alternative rock, classic rock, hard rock, proto-metal, psychedelic rock, rock",,,,,,,,,,,,,,0.438,0.805,8,-6.237,1,0.0624,0.00255,5.69e-05,0.0842,0.564,113.253,audio_features,spotify:track:2aoo2jlRnM3A0NyLQqMN2f,https://api.spotify.com/v1/tracks/2aoo2jlRnM3A0NyLQqMN2f,https://api.spotify.com/v1/audio-analysis/2aoo2jlRnM3A0NyLQqMN2f,240800,4
2AxCeJ6PSsBYiTckM0HLY7,Voodoo Child (Slight Return),Electric Ladyland,Jimi Hendrix,1968-10-25,313373,64,31mlndohcwncxolteqr3cp6alcg4,2024-06-11T09:41:03Z,"acid rock, album rock, alternative rock, classic rock, hard rock, proto-metal, psychedelic rock, rock",,,,,,,,,,,,,,0.214,0.91,8,-6.662,1,0.389,0.477,0.00833,0.0517,0.448,175.549,audio_features,spotify:track:2AxCeJ6PSsBYiTckM0HLY7,https://api.spotify.com/v1/tracks/2AxCeJ6PSsBYiTckM0HLY7,https://api.spotify.com/v1/audio-analysis/2AxCeJ6PSsBYiTckM0HLY7,313373,4
6p5RohbRLDSjeERMZ90hMg,House Burning Down,Electric Ladyland,Jimi Hendrix,1968-10-25,272840,37,31mlndohcwncxolteqr3cp6alcg4,2024-06-11T09:41:07Z,"acid rock, album rock, alternative rock, classic rock, hard rock, proto-metal, psychedelic rock, rock",,,,,,,,,,,,,,0.426,0.888,5,-5.052,0,0.21,0.693,0.00117,0.339,0.541,116.267,audio_features,spotify:track:6p5RohbRLDSjeERMZ90hMg,https://api.spotify.com/v1/tracks/6p5RohbRLDSjeERMZ90hMg,https://api.spotify.com/v1/audio-analysis/6p5RohbRLDSjeERMZ90hMg,272840,4
3q3gK9I4mj03565IGtVA0d,"Moon, Turn the Tides...Gently Gently Away",Electric Ladyland,Jimi Hendrix,1968-10-25,61773,33,31mlndohcwncxolteqr3cp6alcg4,2024-06-11T09:41:16Z,"acid rock, album rock, alternative rock, classic rock, hard rock, proto-metal, psychedelic rock, rock",,,,,,,,,,,,,,0.0,0.391,6,-20.962,1,0.0,0.404,0.932,0.0603,0.0,0.0,audio_features,spotify:track:3q3gK9I4mj03565IGtVA0d,https://api.spotify.com/v1/tracks/3q3gK9I4mj03565IGtVA0d,https://api.spotify.com/v1/audio-analysis/3q3gK9I4mj03565IGtVA0d,61773,0
0xKcrFF5ed7U4EPdG6vE4f,"Still Raining, Still Dreaming",Electric Ladyland,Jimi Hendrix,1968-10-25,265586,40,31mlndohcwncxolteqr3cp6alcg4,2024-06-11T09:41:11Z,"acid rock, album rock, alternative rock, classic rock, hard rock, proto-metal, psychedelic rock, rock",,,,,,,,,,,,,,0.364,0.865,2,-7.328,1,0.114,0.247,0.0209,0.0936,0.554,111.15,audio_features,spotify:track:0xKcrFF5ed7U4EPdG6vE4f,https://api.spotify.com/v1/tracks/0xKcrFF5ed7U4EPdG6vE4f,https://api.spotify.com/v1/audio-analysis/0xKcrFF5ed7U4EPdG6vE4f,265587,4
5uDpwSGjljhIgDB1ZYdp9c,1983...(A Merman I Should Turn to Be),Electric Ladyland,Jimi Hendrix,1968-10-25,819626,40,31mlndohcwncxolteqr3cp6alcg4,2024-06-11T09:41:20Z,"acid rock, album rock, alternative rock, classic rock, hard rock, proto-metal, psychedelic rock, rock",,,,,,,,,,,,,,0.357,0.682,1,-9.207,1,0.106,0.159,0.00609,0.357,0.229,138.258,audio_features,spotify:track:5uDpwSGjljhIgDB1ZYdp9c,https://api.spotify.com/v1/tracks/5uDpwSGjljhIgDB1ZYdp9c,https://api.spotify.com/v1/audio-analysis/5uDpwSGjljhIgDB1ZYdp9c,819627,4
0xwG5stzrc5B70TycPwenY,"Rainy Day, Dream Away",Electric Ladyland,Jimi Hendrix,1968-10-25,222066,41,31mlndohcwncxolteqr3cp6alcg4,2024-06-11T09:41:24Z,"acid rock, album rock, alternative rock, classic rock, hard rock, proto-metal, psychedelic rock, rock",,,,,,,,,,,,,,0.692,0.672,2,-8.979,1,0.282,0.317,0.00177,0.39,0.541,108.077,audio_features,spotify:track:0xwG5stzrc5B70TycPwenY,https://api.spotify.com/v1/tracks/0xwG5stzrc5B70TycPwenY,https://api.spotify.com/v1/audio-analysis/0xwG5stzrc5B70TycPwenY,222067,4
36SULeBeglappJysOY6WzQ,Burning of the Midnight Lamp,Electric Ladyland,Jimi Hendrix,1968-10-25,219613,40,31mlndohcwncxolteqr3cp6alcg4,2024-06-11T09:41:29Z,"acid rock, album rock, alternative rock, classic rock, hard rock, proto-metal, psychedelic rock, rock",,,,,,,,,,,,,,0.331,0.845,0,-7.55,1,0.0889,0.411,0.000412,0.124,0.525,76.698,audio_features,spotify:track:36SULeBeglappJysOY6WzQ,https://api.spotify.com/v1/tracks/36SULeBeglappJysOY6WzQ,https://api.spotify.com/v1/audio-analysis/36SULeBeglappJysOY6WzQ,219613,4
0KqHJXm4Z42fELkW83ZW0r,Come On (Let the Good Times Roll),Electric Ladyland,Jimi Hendrix,1968-10-25,249373,45,31mlndohcwncxolteqr3cp6alcg4,2024-06-11T09:41:34Z,"acid rock, album rock, alternative rock, classic rock, hard rock, proto-metal, psychedelic rock, rock",,,,,,,,,,,,,,0.41,0.821,11,-8.557,0,0.194,0.202,0.0367,0.43,0.833,148.665,audio_features,spotify:track:0KqHJXm4Z42fELkW83ZW0r,https://api.spotify.com/v1/tracks/0KqHJXm4Z42fELkW83ZW0r,https://api.spotify.com/v1/audio-analysis/0KqHJXm4Z42fELkW83ZW0r,249373,4
1HFj7yC7uZfqjWuoH6DO9r,Long Hot Summer Night,Electric Ladyland,Jimi Hendrix,1968-10-25,207760,40,31mlndohcwncxolteqr3cp6alcg4,2024-06-11T09:41:38Z,"acid rock, album rock, alternative rock, classic rock, hard rock, proto-metal, psychedelic rock, rock",,,,,,,,,,,,,,0.465,0.824,7,-6.668,1,0.1,0.363,0.000398,0.656,0.687,85.218,audio_features,spotify:track:1HFj7yC7uZfqjWuoH6DO9r,https://api.spotify.com/v1/tracks/1HFj7yC7uZfqjWuoH6DO9r,https://api.spotify.com/v1/audio-analysis/1HFj7yC7uZfqjWuoH6DO9r,207760,4
1jhH7vvy8hoHuc0mGuZsLX,Little Miss Strange,Electric Ladyland,Jimi Hendrix,1968-10-25,172200,39,31mlndohcwncxolteqr3cp6alcg4,2024-06-11T09:41:41Z,"acid rock, album rock, alternative rock, classic rock, hard rock, proto-metal, psychedelic rock, rock",,,,,,,,,,,,,,0.46,0.807,8,-7.237,1,0.086,0.731,4.52e-05,0.0799,0.456,143.001,audio_features,spotify:track:1jhH7vvy8hoHuc0mGuZsLX,https://api.spotify.com/v1/tracks/1jhH7vvy8hoHuc0mGuZsLX,https://api.spotify.com/v1/audio-analysis/1jhH7vvy8hoHuc0mGuZsLX,172200,4
0auKlivXpm76wR63mMJ3pR,Voodoo Chile,Electric Ladyland,Jimi Hendrix,1968-10-25,899933,46,31mlndohcwncxolteqr3cp6alcg4,2024-06-11T09:41:46Z,"acid rock, album rock, alternative rock, classic rock, hard rock, proto-metal, psychedelic rock, rock",,,,,,,,,,,,,,0.298,0.753,0,-7.417,0,0.0894,0.248,0.148,0.112,0.32,164.991,audio_features,spotify:track:0auKlivXpm76wR63mMJ3pR,https://api.spotify.com/v1/tracks/0auKlivXpm76wR63mMJ3pR,https://api.spotify.com/v1/audio-analysis/0auKlivXpm76wR63mMJ3pR,899933,3
1ntxpzIUbSsizvuAy6lTYY,Crosstown Traffic,Electric Ladyland,Jimi Hendrix,1968-10-25,146573,55,31mlndohcwncxolteqr3cp6alcg4,2024-06-11T09:41:50Z,"acid rock, album rock, alternative rock, classic rock, hard rock, proto-metal, psychedelic rock, rock",,,,,,,,,,,,,,0.486,0.963,0,-5.586,0,0.129,0.248,2.39e-06,0.158,0.533,113.133,audio_features,spotify:track:1ntxpzIUbSsizvuAy6lTYY,https://api.spotify.com/v1/tracks/1ntxpzIUbSsizvuAy6lTYY,https://api.spotify.com/v1/audio-analysis/1ntxpzIUbSsizvuAy6lTYY,146573,4
3Yh64aiu2ANBwDFztyPDkT,Have You Ever Been (To Electric Ladyland),Electric Ladyland,Jimi Hendrix,1968-10-25,130039,48,31mlndohcwncxolteqr3cp6alcg4,2024-06-11T09:41:53Z,"acid rock, album rock, alternative rock, classic rock, hard rock, proto-metal, psychedelic rock, rock",,,,,,,,,,,,,,0.43,0.498,10,-9.203,0,0.0618,0.23,0.000164,0.113,0.655,73.104,audio_features,spotify:track:3Yh64aiu2ANBwDFztyPDkT,https://api.spotify.com/v1/tracks/3Yh64aiu2ANBwDFztyPDkT,https://api.spotify.com/v1/audio-analysis/3Yh64aiu2ANBwDFztyPDkT,130040,4
4COmeKH1pLNNpXcgtMcyQH,...And the Gods Made Love,Electric Ladyland,Jimi Hendrix,1968-10-25,82626,38,31mlndohcwncxolteqr3cp6alcg4,2024-06-11T09:41:58Z,"acid rock, album rock, alternative rock, classic rock, hard rock, proto-metal, psychedelic rock, rock",,,,,,,,,,,,,,0.312,0.77,6,-13.991,1,0.282,0.339,0.271,0.11,0.0298,101.152,audio_features,spotify:track:4COmeKH1pLNNpXcgtMcyQH,https://api.spotify.com/v1/tracks/4COmeKH1pLNNpXcgtMcyQH,https://api.spotify.com/v1/audio-analysis/4COmeKH1pLNNpXcgtMcyQH,82627,4
11tIPf6hU1RF5Z3gm2o2rU,Exp,Axis: Bold As Love,Jimi Hendrix,1967-12-01,115280,35,31mlndohcwncxolteqr3cp6alcg4,2024-06-11T09:42:16Z,"acid rock, album rock, alternative rock, classic rock, hard rock, proto-metal, psychedelic rock, rock",,,,,,,,,,,,,,0.409,0.331,1,-15.47,1,0.219,0.565,0.00199,0.0896,0.198,56.048,audio_features,spotify:track:11tIPf6hU1RF5Z3gm2o2rU,https://api.spotify.com/v1/tracks/11tIPf6hU1RF5Z3gm2o2rU,https://api.spotify.com/v1/audio-analysis/11tIPf6hU1RF5Z3gm2o2rU,115280,5
4oarDDCWsSnX2WOIRKuQo1,Up From The Skies,Axis: Bold As Love,Jimi Hendrix,1967-12-01,177866,40,31mlndohcwncxolteqr3cp6alcg4,2024-06-11T09:42:20Z,"acid rock, album rock, alternative rock, classic rock, hard rock, proto-metal, psychedelic rock, rock",,,,,,,,,,,,,,0.659,0.635,10,-10.569,0,0.202,0.603,0.0214,0.172,0.413,144.965,audio_features,spotify:track:4oarDDCWsSnX2WOIRKuQo1,https://api.spotify.com/v1/tracks/4oarDDCWsSnX2WOIRKuQo1,https://api.spotify.com/v1/audio-analysis/4oarDDCWsSnX2WOIRKuQo1,177867,4
2KFE98Iw0X23sf4vJYcbLH,Spanish Castle Magic,Axis: Bold As Love,Jimi Hendrix,1967-12-01,183320,49,31mlndohcwncxolteqr3cp6alcg4,2024-06-11T09:42:23Z,"acid rock, album rock, alternative rock, classic rock, hard rock, proto-metal, psychedelic rock, rock",,,,,,,,,,,,,,0.405,0.831,5,-5.293,0,0.0671,0.0504,0.0918,0.805,0.805,130.856,audio_features,spotify:track:2KFE98Iw0X23sf4vJYcbLH,https://api.spotify.com/v1/tracks/2KFE98Iw0X23sf4vJYcbLH,https://api.spotify.com/v1/audio-analysis/2KFE98Iw0X23sf4vJYcbLH,183320,5
2YtVzmZzew1ILUdNueyWd7,Wait Until Tomorrow,Axis: Bold As Love,Jimi Hendrix,1967-12-01,182546,45,31mlndohcwncxolteqr3cp6alcg4,2024-06-11T09:42:27Z,"acid rock, album rock, alternative rock, classic rock, hard rock, proto-metal, psychedelic rock, rock",,,,,,,,,,,,,,0.643,0.697,8,-7.192,1,0.0568,0.203,0.00525,0.15,0.824,116.395,audio_features,spotify:track:2YtVzmZzew1ILUdNueyWd7,https://api.spotify.com/v1/tracks/2YtVzmZzew1ILUdNueyWd7,https://api.spotify.com/v1/audio-analysis/2YtVzmZzew1ILUdNueyWd7,182547,4
1ToNKcpVRTxzAgRiywifMt,Ain't No Telling,Axis: Bold As Love,Jimi Hendrix,1967-12-01,108373,38,31mlndohcwncxolteqr3cp6alcg4,2024-06-11T09:42:30Z,"acid rock, album rock, alternative rock, classic rock, hard rock, proto-metal, psychedelic rock, rock",,,,,,,,,,,,,,0.405,0.902,7,-5.9,1,0.121,0.216,0.0633,0.468,0.589,151.838,audio_features,spotify:track:1ToNKcpVRTxzAgRiywifMt,https://api.spotify.com/v1/tracks/1ToNKcpVRTxzAgRiywifMt,https://api.spotify.com/v1/audio-analysis/1ToNKcpVRTxzAgRiywifMt,108373,4
1Eolhana7nKHYpcYpdVcT5,Little Wing,Axis: Bold As Love,Jimi Hendrix,1967-12-01,145746,67,31mlndohcwncxolteqr3cp6alcg4,2024-06-11T09:42:34Z,"acid rock, album rock, alternative rock, classic rock, hard rock, proto-metal, psychedelic rock, rock",,,,,,,,,,,,,,0.515,0.534,6,-8.045,1,0.0768,0.181,0.00278,0.0547,0.426,70.776,audio_features,spotify:track:1Eolhana7nKHYpcYpdVcT5,https://api.spotify.com/v1/tracks/1Eolhana7nKHYpcYpdVcT5,https://api.spotify.com/v1/audio-analysis/1Eolhana7nKHYpcYpdVcT5,145747,4
0J3CHAStO3pNGTnYnxKZod,If 6 Was 9,Axis: Bold As Love,Jimi Hendrix,1967-12-01,334520,46,31mlndohcwncxolteqr3cp6alcg4,2024-06-11T09:42:38Z,"acid rock, album rock, alternative rock, classic rock, hard rock, proto-metal, psychedelic rock, rock",,,,,,,,,,,,,,0.39,0.648,8,-9.789,1,0.137,0.00428,0.0531,0.689,0.493,103.496,audio_features,spotify:track:0J3CHAStO3pNGTnYnxKZod,https://api.spotify.com/v1/tracks/0J3CHAStO3pNGTnYnxKZod,https://api.spotify.com/v1/audio-analysis/0J3CHAStO3pNGTnYnxKZod,334520,3
2Fu2CXFkfiKKXPGtbDDlvj,You Got Me Floatin',Axis: Bold As Love,Jimi Hendrix,1967-12-01,168240,38,31mlndohcwncxolteqr3cp6alcg4,2024-06-11T09:42:41Z,"acid rock, album rock, alternative rock, classic rock, hard rock, proto-metal, psychedelic rock, rock",,,,,,,,,,,,,,0.477,0.883,6,-5.889,1,0.291,0.0414,0.0,0.239,0.794,130.168,audio_features,spotify:track:2Fu2CXFkfiKKXPGtbDDlvj,https://api.spotify.com/v1/tracks/2Fu2CXFkfiKKXPGtbDDlvj,https://api.spotify.com/v1/audio-analysis/2Fu2CXFkfiKKXPGtbDDlvj,168240,4
3qebSLgUwaEqbwCM5sj5Kh,Castles Made of Sand,Axis: Bold As Love,Jimi Hendrix,1967-12-01,168920,57,31mlndohcwncxolteqr3cp6alcg4,2024-06-11T09:42:45Z,"acid rock, album rock, alternative rock, classic rock, hard rock, proto-metal, psychedelic rock, rock",,,,,,,,,,,,,,0.461,0.714,11,-9.159,0,0.313,0.504,0.0171,0.684,0.454,94.372,audio_features,spotify:track:3qebSLgUwaEqbwCM5sj5Kh,https://api.spotify.com/v1/tracks/3qebSLgUwaEqbwCM5sj5Kh,https://api.spotify.com/v1/audio-analysis/3qebSLgUwaEqbwCM5sj5Kh,168920,4
5Zyv0v4rPcrXjkaeImuodv,One Rainy Wish,Axis: Bold As Love,Jimi Hendrix,1967-12-01,221826,49,31mlndohcwncxolteqr3cp6alcg4,2024-06-11T09:42:54Z,"acid rock, album rock, alternative rock, classic rock, hard rock, proto-metal, psychedelic rock, rock",,,,,,,,,,,,,,0.316,0.756,8,-6.315,1,0.1,0.294,0.429,0.351,0.332,165.963,audio_features,spotify:track:5Zyv0v4rPcrXjkaeImuodv,https://api.spotify.com/v1/tracks/5Zyv0v4rPcrXjkaeImuodv,https://api.spotify.com/v1/audio-analysis/5Zyv0v4rPcrXjkaeImuodv,221827,4
4pvY1WQBeAgPGMnWglrWY4,Little Miss Lover,Axis: Bold As Love,Jimi Hendrix,1967-12-01,141453,38,31mlndohcwncxolteqr3cp6alcg4,2024-06-11T09:42:57Z,"acid rock, album rock, alternative rock, classic rock, hard rock, proto-metal, psychedelic rock, rock",,,,,,,,,,,,,,0.53,0.916,1,-5.643,1,0.081,0.0549,0.000302,0.3,0.905,98.722,audio_features,spotify:track:4pvY1WQBeAgPGMnWglrWY4,https://api.spotify.com/v1/tracks/4pvY1WQBeAgPGMnWglrWY4,https://api.spotify.com/v1/audio-analysis/4pvY1WQBeAgPGMnWglrWY4,141453,4
0uco0wQkB909zpPlHvu5Cc,Bold as Love,Axis: Bold As Love,Jimi Hendrix,1967-12-01,251013,51,31mlndohcwncxolteqr3cp6alcg4,2024-06-11T09:43:01Z,"acid rock, album rock, alternative rock, classic rock, hard rock, proto-metal, psychedelic rock, rock",,,,,,,,,,,,,,0.354,0.741,1,-6.389,1,0.0806,0.018,0.0134,0.0753,0.596,142.348,audio_features,spotify:track:0uco0wQkB909zpPlHvu5Cc,https://api.spotify.com/v1/tracks/0uco0wQkB909zpPlHvu5Cc,https://api.spotify.com/v1/audio-analysis/0uco0wQkB909zpPlHvu5Cc,251013,4
4sQdW03IQh3tsZeBELdt5G,Foxey Lady,Are You Experienced,Jimi Hendrix,1967-05-12,199186,39,31mlndohcwncxolteqr3cp6alcg4,2024-06-11T09:43:11Z,"acid rock, album rock, alternative rock, classic rock, hard rock, proto-metal, psychedelic rock, rock",,,,,,,,,,,,,,0.507,0.851,4,-5.995,1,0.0386,0.0612,0.157,0.371,0.587,98.061,audio_features,spotify:track:4sQdW03IQh3tsZeBELdt5G,https://api.spotify.com/v1/tracks/4sQdW03IQh3tsZeBELdt5G,https://api.spotify.com/v1/audio-analysis/4sQdW03IQh3tsZeBELdt5G,199187,4
6DRtSttaJsE8fstgTRll3p,Manic Depression,Are You Experienced,Jimi Hendrix,1967-05-12,222226,34,31mlndohcwncxolteqr3cp6alcg4,2024-06-11T09:43:14Z,"acid rock, album rock, alternative rock, classic rock, hard rock, proto-metal, psychedelic rock, rock",,,,,,,,,,,,,,0.351,0.969,1,-4.924,1,0.129,0.0132,0.0619,0.151,0.747,149.687,audio_features,spotify:track:6DRtSttaJsE8fstgTRll3p,https://api.spotify.com/v1/tracks/6DRtSttaJsE8fstgTRll3p,https://api.spotify.com/v1/audio-analysis/6DRtSttaJsE8fstgTRll3p,222227,3
7bbf6izisrvlYdFVGeV8q9,Red House,Are You Experienced,Jimi Hendrix,1967-05-12,224453,38,31mlndohcwncxolteqr3cp6alcg4,2024-06-11T09:43:17Z,"acid rock, album rock, alternative rock, classic rock, hard rock, proto-metal, psychedelic rock, rock",,,,,,,,,,,,,,0.36,0.532,11,-5.993,1,0.143,0.587,0.0777,0.185,0.43,198.958,audio_features,spotify:track:7bbf6izisrvlYdFVGeV8q9,https://api.spotify.com/v1/tracks/7bbf6izisrvlYdFVGeV8q9,https://api.spotify.com/v1/audio-analysis/7bbf6izisrvlYdFVGeV8q9,224453,3
2RUGdg80MApSer2rx7JrZr,Can You See Me,Are You Experienced,Jimi Hendrix,1967-05-12,152826,30,31mlndohcwncxolteqr3cp6alcg4,2024-06-11T09:43:20Z,"acid rock, album rock, alternative rock, classic rock, hard rock, proto-metal, psychedelic rock, rock",,,,,,,,,,,,,,0.571,0.816,6,-5.441,0,0.0461,0.219,0.136,0.357,0.921,134.277,audio_features,spotify:track:2RUGdg80MApSer2rx7JrZr,https://api.spotify.com/v1/tracks/2RUGdg80MApSer2rx7JrZr,https://api.spotify.com/v1/audio-analysis/2RUGdg80MApSer2rx7JrZr,152827,4
1fbK6qvv0PghESZsg0Kasi,Love Or Confusion,Are You Experienced,Jimi Hendrix,1967-05-12,193293,29,31mlndohcwncxolteqr3cp6alcg4,2024-06-11T09:43:24Z,"acid rock, album rock, alternative rock, classic rock, hard rock, proto-metal, psychedelic rock, rock",,,,,,,,,,,,,,0.266,0.884,7,-4.03,1,0.0648,0.0133,0.913,0.0846,0.495,110.468,audio_features,spotify:track:1fbK6qvv0PghESZsg0Kasi,https://api.spotify.com/v1/tracks/1fbK6qvv0PghESZsg0Kasi,https://api.spotify.com/v1/audio-analysis/1fbK6qvv0PghESZsg0Kasi,193293,4
2z7kBHh4EQmY8OsD5JfxKk,I Don't Live Today,Are You Experienced,Jimi Hendrix,1967-05-12,235040,29,31mlndohcwncxolteqr3cp6alcg4,2024-06-11T09:43:28Z,"acid rock, album rock, alternative rock, classic rock, hard rock, proto-metal, psychedelic rock, rock",,,,,,,,,,,,,,0.347,0.919,9,-4.791,1,0.119,0.00464,0.902,0.0699,0.426,111.554,audio_features,spotify:track:2z7kBHh4EQmY8OsD5JfxKk,https://api.spotify.com/v1/tracks/2z7kBHh4EQmY8OsD5JfxKk,https://api.spotify.com/v1/audio-analysis/2z7kBHh4EQmY8OsD5JfxKk,235040,4
7jDhN4HgZjrirHMo3fofn3,May This Be Love,Are You Experienced,Jimi Hendrix,1967-05-12,191133,30,31mlndohcwncxolteqr3cp6alcg4,2024-06-11T09:43:31Z,"acid rock, album rock, alternative rock, classic rock, hard rock, proto-metal, psychedelic rock, rock",,,,,,,,,,,,,,0.517,0.609,8,-9.309,1,0.0682,0.207,0.148,0.105,0.482,95.38,audio_features,spotify:track:7jDhN4HgZjrirHMo3fofn3,https://api.spotify.com/v1/tracks/7jDhN4HgZjrirHMo3fofn3,https://api.spotify.com/v1/audio-analysis/7jDhN4HgZjrirHMo3fofn3,191133,4
72wtjcPwWVpP4PVcNcl30v,Fire,Are You Experienced,Jimi Hendrix,1967-05-12,165106,35,31mlndohcwncxolteqr3cp6alcg4,2024-06-11T09:43:35Z,"acid rock, album rock, alternative rock, classic rock, hard rock, proto-metal, psychedelic rock, rock",,,,,,,,,,,,,,0.486,0.944,9,-5.119,1,0.122,0.00156,0.0213,0.319,0.577,153.462,audio_features,spotify:track:72wtjcPwWVpP4PVcNcl30v,https://api.spotify.com/v1/tracks/72wtjcPwWVpP4PVcNcl30v,https://api.spotify.com/v1/audio-analysis/72wtjcPwWVpP4PVcNcl30v,165107,4
73ZOw1zRRlEbEdGPgBjA01,Third Stone From The Sun,Are You Experienced,Jimi Hendrix,1967-05-12,404160,30,31mlndohcwncxolteqr3cp6alcg4,2024-06-11T09:43:43Z,"acid rock, album rock, alternative rock, classic rock, hard rock, proto-metal, psychedelic rock, rock",,,,,,,,,,,,,,0.218,0.763,2,-8.07,1,0.0571,0.0229,0.771,0.274,0.422,84.087,audio_features,spotify:track:73ZOw1zRRlEbEdGPgBjA01,https://api.spotify.com/v1/tracks/73ZOw1zRRlEbEdGPgBjA01,https://api.spotify.com/v1/audio-analysis/73ZOw1zRRlEbEdGPgBjA01,404160,3
3nCkf5CB7Xjy6VrfJQnUvB,Remember,Are You Experienced,Jimi Hendrix,1967-05-12,168640,27,31mlndohcwncxolteqr3cp6alcg4,2024-06-11T09:43:46Z,"acid rock, album rock, alternative rock, classic rock, hard rock, proto-metal, psychedelic rock, rock",,,,,,,,,,,,,,0.735,0.771,1,-5.523,1,0.0424,0.04,0.0254,0.154,0.754,99.145,audio_features,spotify:track:3nCkf5CB7Xjy6VrfJQnUvB,https://api.spotify.com/v1/tracks/3nCkf5CB7Xjy6VrfJQnUvB,https://api.spotify.com/v1/audio-analysis/3nCkf5CB7Xjy6VrfJQnUvB,168640,4
3YTTBONdXJOXMCQP7vvPuY,Are You Experienced?,Are You Experienced,Jimi Hendrix,1967-05-12,254173,29,31mlndohcwncxolteqr3cp6alcg4,2024-06-11T09:43:49Z,"acid rock, album rock, alternative rock, classic rock, hard rock, proto-metal, psychedelic rock, rock",,,,,,,,,,,,,,0.399,0.769,8,-6.728,1,0.125,0.0265,0.00973,0.2,0.435,82.821,audio_features,spotify:track:3YTTBONdXJOXMCQP7vvPuY,https://api.spotify.com/v1/tracks/3YTTBONdXJOXMCQP7vvPuY,https://api.spotify.com/v1/audio-analysis/3YTTBONdXJOXMCQP7vvPuY,254173,4
0OQcEcs36ckWOB1nywhmBV,Hey Joe,Are You Experienced,Jimi Hendrix,1967-05-12,210000,45,31mlndohcwncxolteqr3cp6alcg4,2024-06-11T09:43:52Z,"acid rock, album rock, alternative rock, classic rock, hard rock, proto-metal, psychedelic rock, rock",,,,,,,,,,,,,,0.351,0.764,9,-5.624,1,0.0366,0.00422,0.441,0.0197,0.504,166.656,audio_features,spotify:track:0OQcEcs36ckWOB1nywhmBV,https://api.spotify.com/v1/tracks/0OQcEcs36ckWOB1nywhmBV,https://api.spotify.com/v1/audio-analysis/0OQcEcs36ckWOB1nywhmBV,210000,4
544FmlHVkzNrnkmCfYHLVb,Stone Free,Are You Experienced,Jimi Hendrix,1967-05-12,216306,30,31mlndohcwncxolteqr3cp6alcg4,2024-06-11T09:44:00Z,"acid rock, album rock, alternative rock, classic rock, hard rock, proto-metal, psychedelic rock, rock",,,,,,,,,,,,,,0.548,0.837,2,-5.604,1,0.0541,0.016,0.000118,0.205,0.841,133.701,audio_features,spotify:track:544FmlHVkzNrnkmCfYHLVb,https://api.spotify.com/v1/tracks/544FmlHVkzNrnkmCfYHLVb,https://api.spotify.com/v1/audio-analysis/544FmlHVkzNrnkmCfYHLVb,216307,4
20US4JIykUvnFpxMXp0lWv,Purple Haze,Are You Experienced,Jimi Hendrix,1967-05-12,171666,45,31mlndohcwncxolteqr3cp6alcg4,2024-06-11T09:44:03Z,"acid rock, album rock, alternative rock, classic rock, hard rock, proto-metal, psychedelic rock, rock",,,,,,,,,,,,,,0.527,0.891,2,-5.209,1,0.0759,0.0068,0.723,0.0618,0.458,108.57,audio_features,spotify:track:20US4JIykUvnFpxMXp0lWv,https://api.spotify.com/v1/tracks/20US4JIykUvnFpxMXp0lWv,https://api.spotify.com/v1/audio-analysis/20US4JIykUvnFpxMXp0lWv,171667,4
7v21gImg3Mml9NpkRgWihX,51st Anniversary,Are You Experienced,Jimi Hendrix,1967-05-12,196173,26,31mlndohcwncxolteqr3cp6alcg4,2024-06-11T09:44:08Z,"acid rock, album rock, alternative rock, classic rock, hard rock, proto-metal, psychedelic rock, rock",,,,,,,,,,,,,,0.439,0.81,11,-4.835,0,0.0557,0.13,0.00948,0.0676,0.269,134.07,audio_features,spotify:track:7v21gImg3Mml9NpkRgWihX,https://api.spotify.com/v1/tracks/7v21gImg3Mml9NpkRgWihX,https://api.spotify.com/v1/audio-analysis/7v21gImg3Mml9NpkRgWihX,196173,4
5ygQD0fcj0vRGx9KUBENtT,The Wind Cries Mary,Are You Experienced,Jimi Hendrix,1967-05-12,200733,38,31mlndohcwncxolteqr3cp6alcg4,2024-06-11T09:44:12Z,"acid rock, album rock, alternative rock, classic rock, hard rock, proto-metal, psychedelic rock, rock",,,,,,,,,,,,,,0.502,0.49,10,-10.516,1,0.0502,0.353,0.00806,0.23,0.302,79.383,audio_features,spotify:track:5ygQD0fcj0vRGx9KUBENtT,https://api.spotify.com/v1/tracks/5ygQD0fcj0vRGx9KUBENtT,https://api.spotify.com/v1/audio-analysis/5ygQD0fcj0vRGx9KUBENtT,200733,4
5xx86iI1KjBEkw2AbQmu2r,Highway Chile,Are You Experienced,Jimi Hendrix,1967-05-12,213480,29,31mlndohcwncxolteqr3cp6alcg4,2024-06-11T09:44:16Z,"acid rock, album rock, alternative rock, classic rock, hard rock, proto-metal, psychedelic rock, rock",,,,,,,,,,,,,,0.435,0.938,5,-3.674,0,0.141,0.276,0.000626,0.22,0.652,138.528,audio_features,spotify:track:5xx86iI1KjBEkw2AbQmu2r,https://api.spotify.com/v1/tracks/5xx86iI1KjBEkw2AbQmu2r,https://api.spotify.com/v1/audio-analysis/5xx86iI1KjBEkw2AbQmu2r,213480,4
0hnlRgTh80b1emNnM0jmwt,Mannish Boy,Both Sides of the Sky,Jimi Hendrix,2018-03-09,301520,42,31mlndohcwncxolteqr3cp6alcg4,2024-06-11T09:45:19Z,"acid rock, album rock, alternative rock, classic rock, hard rock, proto-metal, psychedelic rock, rock",,,,,,,,,,,,,,0.568,0.898,8,-8.833,0,0.0862,0.0285,0.0787,0.484,0.833,110.824,audio_features,spotify:track:0hnlRgTh80b1emNnM0jmwt,https://api.spotify.com/v1/tracks/0hnlRgTh80b1emNnM0jmwt,https://api.spotify.com/v1/audio-analysis/0hnlRgTh80b1emNnM0jmwt,301520,4
4pufpcO8KDHalIp3Uh8GEU,Lover Man,Both Sides of the Sky,Jimi Hendrix,2018-03-09,183426,40,31mlndohcwncxolteqr3cp6alcg4,2024-06-11T09:45:22Z,"acid rock, album rock, alternative rock, classic rock, hard rock, proto-metal, psychedelic rock, rock",,,,,,,,,,,,,,0.435,0.847,8,-9.434,1,0.0509,0.308,0.384,0.0888,0.927,140.868,audio_features,spotify:track:4pufpcO8KDHalIp3Uh8GEU,https://api.spotify.com/v1/tracks/4pufpcO8KDHalIp3Uh8GEU,https://api.spotify.com/v1/audio-analysis/4pufpcO8KDHalIp3Uh8GEU,183427,4
7HOVaYXOF7StatMCYPmyFJ,Hear My Train a Comin',Both Sides of the Sky,Jimi Hendrix,2018-03-09,445653,31,31mlndohcwncxolteqr3cp6alcg4,2024-06-11T09:45:26Z,"acid rock, album rock, alternative rock, classic rock, hard rock, proto-metal, psychedelic rock, rock",,,,,,,,,,,,,,0.349,0.58,1,-9.108,1,0.0507,0.272,0.677,0.367,0.565,144.275,audio_features,spotify:track:7HOVaYXOF7StatMCYPmyFJ,https://api.spotify.com/v1/tracks/7HOVaYXOF7StatMCYPmyFJ,https://api.spotify.com/v1/audio-analysis/7HOVaYXOF7StatMCYPmyFJ,445653,4
5OVIlpHyF3gkk136qREcw9,Stepping Stone,Both Sides of the Sky,Jimi Hendrix,2018-03-09,192640,27,31mlndohcwncxolteqr3cp6alcg4,2024-06-11T09:45:31Z,"acid rock, album rock, alternative rock, classic rock, hard rock, proto-metal, psychedelic rock, rock",,,,,,,,,,,,,,0.387,0.915,9,-8.64,1,0.116,0.00582,8.62e-05,0.0668,0.681,142.467,audio_features,spotify:track:5OVIlpHyF3gkk136qREcw9,https://api.spotify.com/v1/tracks/5OVIlpHyF3gkk136qREcw9,https://api.spotify.com/v1/audio-analysis/5OVIlpHyF3gkk136qREcw9,192640,4
7pse475uICmWRY5hEkvPvI,$20 Fine,Both Sides of the Sky,Jimi Hendrix,2018-03-09,299080,26,31mlndohcwncxolteqr3cp6alcg4,2024-06-11T09:45:34Z,"acid rock, album rock, alternative rock, classic rock, hard rock, proto-metal, psychedelic rock, rock",,,,,,,,,,,,,,0.569,0.887,0,-8.972,1,0.0397,0.0896,0.431,0.345,0.738,120.949,audio_features,spotify:track:7pse475uICmWRY5hEkvPvI,https://api.spotify.com/v1/tracks/7pse475uICmWRY5hEkvPvI,https://api.spotify.com/v1/audio-analysis/7pse475uICmWRY5hEkvPvI,299080,4
6TlOU5zqR3533QYwjQUdGP,Power of Soul,Both Sides of the Sky,Jimi Hendrix,2018-03-09,355346,30,31mlndohcwncxolteqr3cp6alcg4,2024-06-11T09:45:37Z,"acid rock, album rock, alternative rock, classic rock, hard rock, proto-metal, psychedelic rock, rock",,,,,,,,,,,,,,0.474,0.602,1,-10.853,1,0.0476,0.387,0.00241,0.224,0.812,83.326,audio_features,spotify:track:6TlOU5zqR3533QYwjQUdGP,https://api.spotify.com/v1/tracks/6TlOU5zqR3533QYwjQUdGP,https://api.spotify.com/v1/audio-analysis/6TlOU5zqR3533QYwjQUdGP,355347,4
4f5nUYzeUioPwNbz2mGx5S,Jungle,Both Sides of the Sky,Jimi Hendrix,2018-03-09,208120,52,31mlndohcwncxolteqr3cp6alcg4,2024-06-11T09:45:43Z,"acid rock, album rock, alternative rock, classic rock, hard rock, proto-metal, psychedelic rock, rock",,,,,,,,,,,,,,0.497,0.499,9,-12.348,0,0.056,0.0558,0.73,0.222,0.516,174.608,audio_features,spotify:track:4f5nUYzeUioPwNbz2mGx5S,https://api.spotify.com/v1/tracks/4f5nUYzeUioPwNbz2mGx5S,https://api.spotify.com/v1/audio-analysis/4f5nUYzeUioPwNbz2mGx5S,208120,3
2YFfcJF038SQMtHUwOKO6P,Things I Used to Do,Both Sides of the Sky,Jimi Hendrix,2018-03-09,221360,39,31mlndohcwncxolteqr3cp6alcg4,2024-06-11T09:45:46Z,"acid rock, album rock, alternative rock, classic rock, hard rock, proto-metal, psychedelic rock, rock",,,,,,,,,,,,,,0.312,0.674,7,-8.86,1,0.0391,0.00117,0.765,0.273,0.691,93.241,audio_features,spotify:track:2YFfcJF038SQMtHUwOKO6P,https://api.spotify.com/v1/tracks/2YFfcJF038SQMtHUwOKO6P,https://api.spotify.com/v1/audio-analysis/2YFfcJF038SQMtHUwOKO6P,221360,4
1hRZUpohbhw2WUtWQo3K9x,Georgia Blues,Both Sides of the Sky,Jimi Hendrix,2018-03-09,475373,37,31mlndohcwncxolteqr3cp6alcg4,2024-06-11T09:45:50Z,"acid rock, album rock, alternative rock, classic rock, hard rock, proto-metal, psychedelic rock, rock",,,,,,,,,,,,,,0.355,0.661,7,-8.139,1,0.111,0.176,0.0857,0.636,0.579,167.281,audio_features,spotify:track:1hRZUpohbhw2WUtWQo3K9x,https://api.spotify.com/v1/tracks/1hRZUpohbhw2WUtWQo3K9x,https://api.spotify.com/v1/audio-analysis/1hRZUpohbhw2WUtWQo3K9x,475373,3
3t3CO2eP3gLbiFFN5Z4gmB,Sweet Angel,Both Sides of the Sky,Jimi Hendrix,2018-03-09,234866,40,31mlndohcwncxolteqr3cp6alcg4,2024-06-11T09:45:54Z,"acid rock, album rock, alternative rock, classic rock, hard rock, proto-metal, psychedelic rock, rock",,,,,,,,,,,,,,0.409,0.716,1,-9.863,0,0.141,0.0205,0.806,0.157,0.474,158.804,audio_features,spotify:track:3t3CO2eP3gLbiFFN5Z4gmB,https://api.spotify.com/v1/tracks/3t3CO2eP3gLbiFFN5Z4gmB,https://api.spotify.com/v1/audio-analysis/3t3CO2eP3gLbiFFN5Z4gmB,234867,4
36MxthZNeNmBEGZLC5TZYN,Woodstock,Both Sides of the Sky,Jimi Hendrix,2018-03-09,319000,26,31mlndohcwncxolteqr3cp6alcg4,2024-06-11T09:46:20Z,"acid rock, album rock, alternative rock, classic rock, hard rock, proto-metal, psychedelic rock, rock",,,,,,,,,,,,,,0.542,0.705,0,-9.124,1,0.0335,0.0214,0.019,0.264,0.894,124.066,audio_features,spotify:track:36MxthZNeNmBEGZLC5TZYN,https://api.spotify.com/v1/tracks/36MxthZNeNmBEGZLC5TZYN,https://api.spotify.com/v1/audio-analysis/36MxthZNeNmBEGZLC5TZYN,319000,4
2bE5QqVc9q4w5ETEKAazQr,Send My Love to Linda,Both Sides of the Sky,Jimi Hendrix,2018-03-09,276786,28,31mlndohcwncxolteqr3cp6alcg4,2024-06-11T09:46:24Z,"acid rock, album rock, alternative rock, classic rock, hard rock, proto-metal, psychedelic rock, rock",,,,,,,,,,,,,,0.368,0.499,8,-10.987,1,0.0337,0.398,0.222,0.16,0.404,126.783,audio_features,spotify:track:2bE5QqVc9q4w5ETEKAazQr,https://api.spotify.com/v1/tracks/2bE5QqVc9q4w5ETEKAazQr,https://api.spotify.com/v1/audio-analysis/2bE5QqVc9q4w5ETEKAazQr,276787,4
48F4GPGfHMgo288Hz4RrWX,Cherokee Mist,Both Sides of the Sky,Jimi Hendrix,2018-03-09,421000,29,31mlndohcwncxolteqr3cp6alcg4,2024-06-11T09:46:28Z,"acid rock, album rock, alternative rock, classic rock, hard rock, proto-metal, psychedelic rock, rock",,,,,,,,,,,,,,0.442,0.301,8,-13.473,1,0.048,0.329,0.746,0.102,0.161,108.586,audio_features,spotify:track:48F4GPGfHMgo288Hz4RrWX,https://api.spotify.com/v1/tracks/48F4GPGfHMgo288Hz4RrWX,https://api.spotify.com/v1/audio-analysis/48F4GPGfHMgo288Hz4RrWX,421000,4
4m6KlFD4eMiQFzh4IVVFVm,Angel,The Cry of Love,Jimi Hendrix,1971,265813,41,31mlndohcwncxolteqr3cp6alcg4,2024-06-11T09:48:11Z,"acid rock, album rock, alternative rock, classic rock, hard rock, proto-metal, psychedelic rock, rock",,,,,,,,,,,,,,0.386,0.536,3,-14.151,1,0.0546,0.229,0.0123,0.11,0.31,133.451,audio_features,spotify:track:4m6KlFD4eMiQFzh4IVVFVm,https://api.spotify.com/v1/tracks/4m6KlFD4eMiQFzh4IVVFVm,https://api.spotify.com/v1/audio-analysis/4m6KlFD4eMiQFzh4IVVFVm,265813,4
5BCtSNTJCe52ejqg6goAgw,The Burning Of The Midnight Lamp - BBC Sessions,BBC Sessions,Jimi Hendrix,1998-06-02,223480,17,31mlndohcwncxolteqr3cp6alcg4,2024-06-11T09:50:16Z,"acid rock, album rock, alternative rock, classic rock, hard rock, proto-metal, psychedelic rock, rock",,,,,,,,,,,,,,0.382,0.774,0,-6.411,1,0.0674,0.313,0.048,0.0989,0.617,162.398,audio_features,spotify:track:5BCtSNTJCe52ejqg6goAgw,https://api.spotify.com/v1/tracks/5BCtSNTJCe52ejqg6goAgw,https://api.spotify.com/v1/audio-analysis/5BCtSNTJCe52ejqg6goAgw,223480,4
49csN8oPVktbxBzrDxCugk,"Changes - Live at the Fillmore East, NY - 12/31/69 - 1st Set",Songs For Groovy Children: The Fillmore East Concerts,Jimi Hendrix,2019-11-22,357813,24,31mlndohcwncxolteqr3cp6alcg4,2024-06-11T09:51:15Z,"acid rock, album rock, alternative rock, classic rock, hard rock, proto-metal, psychedelic rock, rock",,,,,,,,,,,,,,0.541,0.629,8,-9.878,1,0.0547,0.625,8.47e-05,0.221,0.675,119.111,audio_features,spotify:track:49csN8oPVktbxBzrDxCugk,https://api.spotify.com/v1/tracks/49csN8oPVktbxBzrDxCugk,https://api.spotify.com/v1/audio-analysis/49csN8oPVktbxBzrDxCugk,357813,4
56fd92uGxlu3wYc9HPYadh,"Changes - Live at the Fillmore East, NY - 1/1/70 - 1st Set",Songs For Groovy Children: The Fillmore East Concerts,Jimi Hendrix,2019-11-22,445200,11,31mlndohcwncxolteqr3cp6alcg4,2024-06-11T09:51:18Z,"acid rock, album rock, alternative rock, classic rock, hard rock, proto-metal, psychedelic rock, rock",,,,,,,,,,,,,,0.457,0.565,2,-11.806,1,0.0876,0.12,0.000177,0.149,0.527,120.232,audio_features,spotify:track:56fd92uGxlu3wYc9HPYadh,https://api.spotify.com/v1/tracks/56fd92uGxlu3wYc9HPYadh,https://api.spotify.com/v1/audio-analysis/56fd92uGxlu3wYc9HPYadh,445200,4
18dNJjOvQtLCsDBzMriHXt,Can You See Me - Live At Monterey,Live At Monterey,Jimi Hendrix,2010-01-01,157080,20,31mlndohcwncxolteqr3cp6alcg4,2024-06-11T09:51:49Z,"acid rock, album rock, alternative rock, classic rock, hard rock, proto-metal, psychedelic rock, rock",,,,,,,,,,,,,,0.234,0.815,5,-8.43,0,0.0638,0.00144,0.00877,0.147,0.735,168.376,audio_features,spotify:track:18dNJjOvQtLCsDBzMriHXt,https://api.spotify.com/v1/tracks/18dNJjOvQtLCsDBzMriHXt,https://api.spotify.com/v1/audio-analysis/18dNJjOvQtLCsDBzMriHXt,157080,4
7FA2wUNbQ0TbepgldXkcSj,Bleeding Heart,South Saturn Delta,Jimi Hendrix,1997-10-07,195520,16,31mlndohcwncxolteqr3cp6alcg4,2024-06-11T09:53:20Z,"acid rock, album rock, alternative rock, classic rock, hard rock, proto-metal, psychedelic rock, rock",,,,,,,,,,,,,,0.471,0.939,1,-4.608,1,0.0907,0.0886,3.18e-05,0.324,0.79,120.349,audio_features,spotify:track:7FA2wUNbQ0TbepgldXkcSj,https://api.spotify.com/v1/tracks/7FA2wUNbQ0TbepgldXkcSj,https://api.spotify.com/v1/audio-analysis/7FA2wUNbQ0TbepgldXkcSj,195520,4
6r6ARqXEyXaoQjVZ1Mb1pV,Highway Chile,Are You Experienced,Jimi Hendrix,1967-05-12,212586,38,31mlndohcwncxolteqr3cp6alcg4,2024-06-11T09:53:23Z,"acid rock, album rock, alternative rock, classic rock, hard rock, proto-metal, psychedelic rock, rock",,,,,,,,,,,,,,0.432,0.938,5,-3.716,0,0.139,0.269,0.000697,0.192,0.637,138.522,audio_features,spotify:track:6r6ARqXEyXaoQjVZ1Mb1pV,https://api.spotify.com/v1/tracks/6r6ARqXEyXaoQjVZ1Mb1pV,https://api.spotify.com/v1/audio-analysis/6r6ARqXEyXaoQjVZ1Mb1pV,212587,4
3S6wH6qdbX7hWGDyz8ec1k,Tax Free,South Saturn Delta,Jimi Hendrix,1997-10-07,298013,18,31mlndohcwncxolteqr3cp6alcg4,2024-06-11T09:53:27Z,"acid rock, album rock, alternative rock, classic rock, hard rock, proto-metal, psychedelic rock, rock",,,,,,,,,,,,,,0.363,0.798,1,-5.086,0,0.108,0.00867,0.748,0.0731,0.728,95.012,audio_features,spotify:track:3S6wH6qdbX7hWGDyz8ec1k,https://api.spotify.com/v1/tracks/3S6wH6qdbX7hWGDyz8ec1k,https://api.spotify.com/v1/audio-analysis/3S6wH6qdbX7hWGDyz8ec1k,298013,4
27VE419wzTDn67KPzEtbkF,Peter Gunn / Catastrophe - Anthology Version,West Coast Seattle Boy: The Jimi Hendrix Anthology,Jimi Hendrix,2010-11-16,174760,8,31mlndohcwncxolteqr3cp6alcg4,2024-06-11T09:53:31Z,"acid rock, album rock, alternative rock, classic rock, hard rock, proto-metal, psychedelic rock, rock",,,,,,,,,,,,,,0.593,0.368,8,-11.545,1,0.151,0.0237,0.0329,0.121,0.607,130.524,audio_features,spotify:track:27VE419wzTDn67KPzEtbkF,https://api.spotify.com/v1/tracks/27VE419wzTDn67KPzEtbkF,https://api.spotify.com/v1/audio-analysis/27VE419wzTDn67KPzEtbkF,174760,4
2NVZhGcpPQht8ZlFbarrkP,Stepping Stone,First Rays Of The New Rising Sun,Jimi Hendrix,1997-04-22,252680,17,31mlndohcwncxolteqr3cp6alcg4,2024-06-11T09:53:34Z,"acid rock, album rock, alternative rock, classic rock, hard rock, proto-metal, psychedelic rock, rock",,,,,,,,,,,,,,0.274,0.958,1,-4.231,1,0.275,0.156,0.00185,0.253,0.581,141.518,audio_features,spotify:track:2NVZhGcpPQht8ZlFbarrkP,https://api.spotify.com/v1/tracks/2NVZhGcpPQht8ZlFbarrkP,https://api.spotify.com/v1/audio-analysis/2NVZhGcpPQht8ZlFbarrkP,252680,4
0cTF7AXUMetMKhwxaHSN2K,Midnight,South Saturn Delta,Jimi Hendrix,1997-10-07,332826,22,31mlndohcwncxolteqr3cp6alcg4,2024-06-11T09:53:38Z,"acid rock, album rock, alternative rock, classic rock, hard rock, proto-metal, psychedelic rock, rock",,,,,,,,,,,,,,0.245,0.905,10,-5.276,0,0.107,0.00103,0.408,0.213,0.526,158.213,audio_features,spotify:track:0cTF7AXUMetMKhwxaHSN2K,https://api.spotify.com/v1/tracks/0cTF7AXUMetMKhwxaHSN2K,https://api.spotify.com/v1/audio-analysis/0cTF7AXUMetMKhwxaHSN2K,332827,4
3nPziQohkAFUUZbzWkk6ic,Three Little Bears,Merry Christmas And Happy New Year,Jimi Hendrix,1999-11-01,253893,13,31mlndohcwncxolteqr3cp6alcg4,2024-06-11T09:53:42Z,"acid rock, album rock, alternative rock, classic rock, hard rock, proto-metal, psychedelic rock, rock",,,,,,,,,,,,,,0.734,0.713,2,-5.85,1,0.0475,0.472,0.258,0.286,0.877,111.812,audio_features,spotify:track:3nPziQohkAFUUZbzWkk6ic,https://api.spotify.com/v1/tracks/3nPziQohkAFUUZbzWkk6ic,https://api.spotify.com/v1/audio-analysis/3nPziQohkAFUUZbzWkk6ic,253893,4
0xwSolOsxuNq7KcAzqikbV,Beginnings,First Rays Of The New Rising Sun,Jimi Hendrix,1997-04-22,252880,19,31mlndohcwncxolteqr3cp6alcg4,2024-06-11T09:53:46Z,"acid rock, album rock, alternative rock, classic rock, hard rock, proto-metal, psychedelic rock, rock",,,,,,,,,,,,,,0.277,0.879,11,-6.299,1,0.0508,0.0274,0.763,0.142,0.784,180.289,audio_features,spotify:track:0xwSolOsxuNq7KcAzqikbV,https://api.spotify.com/v1/tracks/0xwSolOsxuNq7KcAzqikbV,https://api.spotify.com/v1/audio-analysis/0xwSolOsxuNq7KcAzqikbV,252880,3
1Mu6ZNxwfOlCxWtDNQzpd5,Izabella,First Rays Of The New Rising Sun,Jimi Hendrix,1997-04-22,170066,21,31mlndohcwncxolteqr3cp6alcg4,2024-06-11T09:53:51Z,"acid rock, album rock, alternative rock, classic rock, hard rock, proto-metal, psychedelic rock, rock",,,,,,,,,,,,,,0.451,0.86,6,-5.637,0,0.0973,0.114,0.00016,0.487,0.722,108.979,audio_features,spotify:track:1Mu6ZNxwfOlCxWtDNQzpd5,https://api.spotify.com/v1/tracks/1Mu6ZNxwfOlCxWtDNQzpd5,https://api.spotify.com/v1/audio-analysis/1Mu6ZNxwfOlCxWtDNQzpd5,170067,4
1zNcIfvevdxqyLvrFdlVYW,Astro Man,The Cry of Love,Jimi Hendrix,1971,216853,25,31mlndohcwncxolteqr3cp6alcg4,2024-06-11T09:54:01Z,"acid rock, album rock, alternative rock, classic rock, hard rock, proto-metal, psychedelic rock, rock",,,,,,,,,,,,,,0.44,0.776,1,-12.135,1,0.0637,0.36,0.3,0.51,0.713,138.944,audio_features,spotify:track:1zNcIfvevdxqyLvrFdlVYW,https://api.spotify.com/v1/tracks/1zNcIfvevdxqyLvrFdlVYW,https://api.spotify.com/v1/audio-analysis/1zNcIfvevdxqyLvrFdlVYW,216853,4
6FSpbq877oSoBULrd4Rzl7,Look Over Yonder,Rainbow Bridge,Jimi Hendrix,1971,204573,18,31mlndohcwncxolteqr3cp6alcg4,2024-06-11T09:54:06Z,"acid rock, album rock, alternative rock, classic rock, hard rock, proto-metal, psychedelic rock, rock",,,,,,,,,,,,,,0.325,0.78,1,-10.04,1,0.0758,0.00489,0.0502,0.0998,0.463,137.761,audio_features,spotify:track:6FSpbq877oSoBULrd4Rzl7,https://api.spotify.com/v1/tracks/6FSpbq877oSoBULrd4Rzl7,https://api.spotify.com/v1/audio-analysis/6FSpbq877oSoBULrd4Rzl7,204573,4
308JgvB0DlNFZy7g1F1vgA,Here He Comes (Lover Man) - previously unreleased recording,South Saturn Delta,Jimi Hendrix,1997-10-07,393186,18,31mlndohcwncxolteqr3cp6alcg4,2024-06-11T09:54:10Z,"acid rock, album rock, alternative rock, classic rock, hard rock, proto-metal, psychedelic rock, rock",,,,,,,,,,,,,,0.282,0.936,3,-4.691,0,0.104,5.19e-05,0.119,0.449,0.555,137.84,audio_features,spotify:track:308JgvB0DlNFZy7g1F1vgA,https://api.spotify.com/v1/tracks/308JgvB0DlNFZy7g1F1vgA,https://api.spotify.com/v1/audio-analysis/308JgvB0DlNFZy7g1F1vgA,393187,4
7hvRBjaQw7RPMRuSoCTgar,Mr. Bad Luck,Valleys Of Neptune,Jimi Hendrix,2010,176426,15,31mlndohcwncxolteqr3cp6alcg4,2024-06-11T09:54:14Z,"acid rock, album rock, alternative rock, classic rock, hard rock, proto-metal, psychedelic rock, rock",,,,,,,,,,,,,,0.636,0.68,0,-8.54,0,0.135,0.0331,0.0,0.265,0.625,138.46,audio_features,spotify:track:7hvRBjaQw7RPMRuSoCTgar,https://api.spotify.com/v1/tracks/7hvRBjaQw7RPMRuSoCTgar,https://api.spotify.com/v1/audio-analysis/7hvRBjaQw7RPMRuSoCTgar,176427,4
5SgbnczOanFCfNAKJibEF7,"Peace in Mississippi (TTG Studios, Hollywood, CA, October 24, 1968)","Peace in Mississippi (TTG Studios, Hollywood, CA, October 24, 1968)",Jimi Hendrix,2010-05-21,424866,10,31mlndohcwncxolteqr3cp6alcg4,2024-06-11T09:54:21Z,"acid rock, album rock, alternative rock, classic rock, hard rock, proto-metal, psychedelic rock, rock",,,,,,,,,,,,,,0.309,0.704,1,-10.137,1,0.0477,6.18e-05,0.819,0.23,0.341,78.607,audio_features,spotify:track:5SgbnczOanFCfNAKJibEF7,https://api.spotify.com/v1/tracks/5SgbnczOanFCfNAKJibEF7,https://api.spotify.com/v1/audio-analysis/5SgbnczOanFCfNAKJibEF7,424867,4
6BXCN8av8RkMFCUTLonqK2,Power Of Soul - previously unreleased alternate version,South Saturn Delta,Jimi Hendrix,1997-10-07,320253,17,31mlndohcwncxolteqr3cp6alcg4,2024-06-11T09:54:28Z,"acid rock, album rock, alternative rock, classic rock, hard rock, proto-metal, psychedelic rock, rock",,,,,,,,,,,,,,0.427,0.824,1,-6.225,1,0.044,0.388,0.0231,0.323,0.884,83.349,audio_features,spotify:track:6BXCN8av8RkMFCUTLonqK2,https://api.spotify.com/v1/tracks/6BXCN8av8RkMFCUTLonqK2,https://api.spotify.com/v1/audio-analysis/6BXCN8av8RkMFCUTLonqK2,320253,4
6WQSGaSOedwUd7eigYEv7J,"Voodoo Child (Slight Return) - Live San Diego Sports Arena, May 25, 1969",Hendrix In The West,Jimi Hendrix,1972-02-01,640013,17,31mlndohcwncxolteqr3cp6alcg4,2024-06-11T09:54:32Z,"acid rock, album rock, alternative rock, classic rock, hard rock, proto-metal, psychedelic rock, rock",,,,,,,,,,,,,,0.278,0.902,8,-10.423,1,0.0909,0.00029,0.113,0.889,0.366,105.653,audio_features,spotify:track:6WQSGaSOedwUd7eigYEv7J,https://api.spotify.com/v1/tracks/6WQSGaSOedwUd7eigYEv7J,https://api.spotify.com/v1/audio-analysis/6WQSGaSOedwUd7eigYEv7J,640013,4
5xqMd4qEfeisymvgjeA1fR,Room Full of Mirrors,First Rays Of The New Rising Sun,Jimi Hendrix,1997-04-22,201066,17,31mlndohcwncxolteqr3cp6alcg4,2024-06-11T09:54:35Z,"acid rock, album rock, alternative rock, classic rock, hard rock, proto-metal, psychedelic rock, rock",,,,,,,,,,,,,,0.423,0.909,2,-5.659,1,0.115,0.00531,0.00138,0.417,0.452,132.044,audio_features,spotify:track:5xqMd4qEfeisymvgjeA1fR,https://api.spotify.com/v1/tracks/5xqMd4qEfeisymvgjeA1fR,https://api.spotify.com/v1/audio-analysis/5xqMd4qEfeisymvgjeA1fR,201067,4
2zw9S48jHin7dxqhbelXEd,Ships Passing Through The Night,Valleys Of Neptune,Jimi Hendrix,2010,352120,13,31mlndohcwncxolteqr3cp6alcg4,2024-06-11T09:54:43Z,"acid rock, album rock, alternative rock, classic rock, hard rock, proto-metal, psychedelic rock, rock",,,,,,,,,,,,,,0.4,0.752,8,-9.053,1,0.0535,0.0266,0.0951,0.109,0.639,138.335,audio_features,spotify:track:2zw9S48jHin7dxqhbelXEd,https://api.spotify.com/v1/tracks/2zw9S48jHin7dxqhbelXEd,https://api.spotify.com/v1/audio-analysis/2zw9S48jHin7dxqhbelXEd,352120,4
79VhZYkRfckxhtGIsssh66,Earth Blues,Rainbow Bridge,Jimi Hendrix,1971,261386,21,31mlndohcwncxolteqr3cp6alcg4,2024-06-11T09:54:46Z,"acid rock, album rock, alternative rock, classic rock, hard rock, proto-metal, psychedelic rock, rock",,,,,,,,,,,,,,0.582,0.647,1,-10.103,1,0.0577,0.0369,0.0,0.0945,0.73,112.357,audio_features,spotify:track:79VhZYkRfckxhtGIsssh66,https://api.spotify.com/v1/tracks/79VhZYkRfckxhtGIsssh66,https://api.spotify.com/v1/audio-analysis/79VhZYkRfckxhtGIsssh66,261387,4
45ymKxN7UQhumQUmGDyXnA,Straight Ahead,The Cry of Love,Jimi Hendrix,1971,282906,26,31mlndohcwncxolteqr3cp6alcg4,2024-06-11T09:55:00Z,"acid rock, album rock, alternative rock, classic rock, hard rock, proto-metal, psychedelic rock, rock",,,,,,,,,,,,,,0.436,0.551,1,-11.621,1,0.0334,0.369,7.62e-06,0.306,0.91,107.114,audio_features,spotify:track:45ymKxN7UQhumQUmGDyXnA,https://api.spotify.com/v1/tracks/45ymKxN7UQhumQUmGDyXnA,https://api.spotify.com/v1/audio-analysis/45ymKxN7UQhumQUmGDyXnA,282907,4
5IWk7aY2pGrDXCs5bcowLJ,"The Stars That Play With Laughing Sam's Dice (Mayfair Studios, New York, July 19, 20, 1967)",South Saturn Delta,Jimi Hendrix,1997-10-07,260880,17,31mlndohcwncxolteqr3cp6alcg4,2024-06-11T09:55:04Z,"acid rock, album rock, alternative rock, classic rock, hard rock, proto-metal, psychedelic rock, rock",,,,,,,,,,,,,,0.123,0.951,1,-5.644,1,0.151,0.0224,0.551,0.651,0.47,76.834,audio_features,spotify:track:5IWk7aY2pGrDXCs5bcowLJ,https://api.spotify.com/v1/tracks/5IWk7aY2pGrDXCs5bcowLJ,https://api.spotify.com/v1/audio-analysis/5IWk7aY2pGrDXCs5bcowLJ,260880,4
48qby6VFvlI0aBXliBXcVr,In From the Storm,The Cry of Love,Jimi Hendrix,1971,223320,26,31mlndohcwncxolteqr3cp6alcg4,2024-06-11T09:55:07Z,"acid rock, album rock, alternative rock, classic rock, hard rock, proto-metal, psychedelic rock, rock",,,,,,,,,,,,,,0.334,0.736,3,-10.831,1,0.0654,0.259,0.002,0.349,0.802,145.893,audio_features,spotify:track:48qby6VFvlI0aBXliBXcVr,https://api.spotify.com/v1/tracks/48qby6VFvlI0aBXliBXcVr,https://api.spotify.com/v1/audio-analysis/48qby6VFvlI0aBXliBXcVr,223320,4
1pXVsnTrDuxctj7odyob2s,"Catfish Blues - Live Olympia Theater, Paris, October, 9, 1967",The Jimi Hendrix Experience (Deluxe Reissue),Jimi Hendrix,2009,326733,15,31mlndohcwncxolteqr3cp6alcg4,2024-06-11T09:55:12Z,"acid rock, album rock, alternative rock, classic rock, hard rock, proto-metal, psychedelic rock, rock",,,,,,,,,,,,,,0.38,0.725,7,-8.548,0,0.0894,0.0421,0.37,0.146,0.562,102.714,audio_features,spotify:track:1pXVsnTrDuxctj7odyob2s,https://api.spotify.com/v1/tracks/1pXVsnTrDuxctj7odyob2s,https://api.spotify.com/v1/audio-analysis/1pXVsnTrDuxctj7odyob2s,326733,3
4ufRlzwb3wULjF66AvHrkt,"Izabella - Live at The Woodstock Music & Art Fair, August 18, 1969",Live at Woodstock,Jimi Hendrix,1999-07-06,401773,20,31mlndohcwncxolteqr3cp6alcg4,2024-06-11T09:55:15Z,"acid rock, album rock, alternative rock, classic rock, hard rock, proto-metal, psychedelic rock, rock",,,,,,,,,,,,,,0.309,0.927,11,-5.397,0,0.374,0.00595,0.000224,0.978,0.489,107.606,audio_features,spotify:track:4ufRlzwb3wULjF66AvHrkt,https://api.spotify.com/v1/tracks/4ufRlzwb3wULjF66AvHrkt,https://api.spotify.com/v1/audio-analysis/4ufRlzwb3wULjF66AvHrkt,401773,4
48RKSSQkmSaZAvWV4jfRrW,In from the Storm - Live at the Isle of Wight,Blue Wild Angel: Jimi Hendrix At The Isle Of Wight,Jimi Hendrix,2002-11-12,375106,13,31mlndohcwncxolteqr3cp6alcg4,2024-06-11T09:55:18Z,"acid rock, album rock, alternative rock, classic rock, hard rock, proto-metal, psychedelic rock, rock",,,,,,,,,,,,,,0.309,0.874,0,-7.53,0,0.113,0.00603,0.62,0.846,0.858,79.419,audio_features,spotify:track:48RKSSQkmSaZAvWV4jfRrW,https://api.spotify.com/v1/tracks/48RKSSQkmSaZAvWV4jfRrW,https://api.spotify.com/v1/audio-analysis/48RKSSQkmSaZAvWV4jfRrW,375107,4
3AGZ8TvNyQF8265wwdp0oZ,"Stone Free (Record Plant, New York, NY, April, 7, 1969)",Voodoo Child: The Jimi Hendrix Collection,Jimi Hendrix,2001-05-08,223426,13,31mlndohcwncxolteqr3cp6alcg4,2024-06-11T09:55:22Z,"acid rock, album rock, alternative rock, classic rock, hard rock, proto-metal, psychedelic rock, rock",,,,,,,,,,,,,,0.412,0.929,1,-6.118,1,0.0706,0.031,2.72e-05,0.236,0.739,146.983,audio_features,spotify:track:3AGZ8TvNyQF8265wwdp0oZ,https://api.spotify.com/v1/tracks/3AGZ8TvNyQF8265wwdp0oZ,https://api.spotify.com/v1/audio-analysis/3AGZ8TvNyQF8265wwdp0oZ,223427,4
1mUdz4B6Y9BvbXesl74Cqj,"Villanova Junction - Live at The Woodstock Music & Art Fair, August 18, 1969",Live at Woodstock,Jimi Hendrix,1999-07-06,268133,24,31mlndohcwncxolteqr3cp6alcg4,2024-06-11T09:55:28Z,"acid rock, album rock, alternative rock, classic rock, hard rock, proto-metal, psychedelic rock, rock",,,,,,,,,,,,,,0.246,0.796,6,-10.812,0,0.483,0.446,0.505,0.736,0.532,67.59,audio_features,spotify:track:1mUdz4B6Y9BvbXesl74Cqj,https://api.spotify.com/v1/tracks/1mUdz4B6Y9BvbXesl74Cqj,https://api.spotify.com/v1/audio-analysis/1mUdz4B6Y9BvbXesl74Cqj,268133,5
5o5EEX7LFxIVl11R1nR1Bl,Drifter's Escape - previously unreleased alternate version,South Saturn Delta,Jimi Hendrix,1997-10-07,185560,22,31mlndohcwncxolteqr3cp6alcg4,2024-06-11T09:55:31Z,"acid rock, album rock, alternative rock, classic rock, hard rock, proto-metal, psychedelic rock, rock",,,,,,,,,,,,,,0.521,0.897,1,-5.623,1,0.0371,0.0229,4.44e-06,0.105,0.961,125.428,audio_features,spotify:track:5o5EEX7LFxIVl11R1nR1Bl,https://api.spotify.com/v1/tracks/5o5EEX7LFxIVl11R1nR1Bl,https://api.spotify.com/v1/audio-analysis/5o5EEX7LFxIVl11R1nR1Bl,185560,4
05Oj9OLLMJPm5pPN15plJJ,Lullaby For The Summer,Valleys Of Neptune,Jimi Hendrix,2010,228906,14,31mlndohcwncxolteqr3cp6alcg4,2024-06-11T09:55:37Z,"acid rock, album rock, alternative rock, classic rock, hard rock, proto-metal, psychedelic rock, rock",,,,,,,,,,,,,,0.427,0.923,1,-7.179,1,0.0422,0.0577,0.000815,0.0244,0.916,128.619,audio_features,spotify:track:05Oj9OLLMJPm5pPN15plJJ,https://api.spotify.com/v1/tracks/05Oj9OLLMJPm5pPN15plJJ,https://api.spotify.com/v1/audio-analysis/05Oj9OLLMJPm5pPN15plJJ,228907,4
6YmLakC3lRhAq2ikaiXiv1,"Highway Chile (Olympic Studios, London, UK April 3, 1967)",Voodoo Child: The Jimi Hendrix Collection,Jimi Hendrix,2001-05-08,217186,14,31mlndohcwncxolteqr3cp6alcg4,2024-06-11T09:55:41Z,"acid rock, album rock, alternative rock, classic rock, hard rock, proto-metal, psychedelic rock, rock",,,,,,,,,,,,,,0.405,0.951,5,-4.811,0,0.123,0.0898,2.74e-05,0.354,0.497,138.481,audio_features,spotify:track:6YmLakC3lRhAq2ikaiXiv1,https://api.spotify.com/v1/tracks/6YmLakC3lRhAq2ikaiXiv1,https://api.spotify.com/v1/audio-analysis/6YmLakC3lRhAq2ikaiXiv1,217187,4
1mokOXp4qt7y6mZfAAXZm5,Rock Me Baby - Live At Monterey,Live At Monterey,Jimi Hendrix,2010-01-01,217666,24,31mlndohcwncxolteqr3cp6alcg4,2024-06-11T09:55:46Z,"acid rock, album rock, alternative rock, classic rock, hard rock, proto-metal, psychedelic rock, rock",,,,,,,,,,,,,,0.301,0.802,3,-9.053,1,0.295,0.0114,0.00476,0.102,0.482,159.826,audio_features,spotify:track:1mokOXp4qt7y6mZfAAXZm5,https://api.spotify.com/v1/tracks/1mokOXp4qt7y6mZfAAXZm5,https://api.spotify.com/v1/audio-analysis/1mokOXp4qt7y6mZfAAXZm5,217667,4
